{
    "name": "Europeo VN Engine Demo",
    "version": "1.0.0",
    "author": "Reverse Engineering Port",
    "description": "Demonstration of all 49 VN commands ported from the original binary",
    
    "config": {
        "gameId": "europeo_demo",
        "width": 800,
        "height": 600,
        "defaultCursor": "default"
    },
    
    "variables": {
        "SCORE": 0,
        "VISITED_SCENE1": 0,
        "VISITED_SCENE2": 0,
        "PLAYER_NAME": 0
    },
    
    "startScene": 0,
    
    "scenes": [
        {
            "id": 0,
            "name": "intro",
            "title": "Introduction",
            "background": "",
            "music": "",
            "flags": 2,
            
            "script": [
                "set_var VISITED_SCENE1=1",
                "playtext \"Welcome to the Europeo VN Engine Web Port!\" System"
            ],
            
            "hotspots": [
                {
                    "id": "btn_start",
                    "x": 300,
                    "y": 400,
                    "width": 200,
                    "height": 50,
                    "cursor": "pointer",
                    "tiptext": "Click to start the demo",
                    "onclick": "scene 1"
                },
                {
                    "id": "btn_about",
                    "x": 300,
                    "y": 470,
                    "width": 200,
                    "height": 50,
                    "cursor": "pointer",
                    "tiptext": "About this engine",
                    "onclick": "msgbox \"Europeo VN Engine - Ported from 1996 Windows binary\""
                }
            ],
            
            "objects": [
                {
                    "type": "text",
                    "name": "title",
                    "text": "🎮 EUROPEO VN ENGINE",
                    "x": 200,
                    "y": 100,
                    "color": "#4fc3f7",
                    "font": "bold 36px Arial",
                    "visible": true
                },
                {
                    "type": "text",
                    "name": "subtitle",
                    "text": "Complete Web Port from Windows Binary",
                    "x": 220,
                    "y": 150,
                    "color": "#888888",
                    "font": "16px Arial",
                    "visible": true
                },
                {
                    "type": "text",
                    "name": "info1",
                    "text": "Original: europeo.exe (Borland C++ 1996)",
                    "x": 250,
                    "y": 250,
                    "color": "#cccccc",
                    "font": "14px Arial",
                    "visible": true
                },
                {
                    "type": "text",
                    "name": "info2",
                    "text": "49 Commands • 4 Events • 5 Class Structures",
                    "x": 230,
                    "y": 280,
                    "color": "#cccccc",
                    "font": "14px Arial",
                    "visible": true
                },
                {
                    "type": "text",
                    "name": "btn_start_text",
                    "text": "▶ START DEMO",
                    "x": 340,
                    "y": 432,
                    "color": "#ffffff",
                    "font": "bold 18px Arial",
                    "visible": true
                },
                {
                    "type": "text",
                    "name": "btn_about_text",
                    "text": "ℹ ABOUT",
                    "x": 365,
                    "y": 502,
                    "color": "#ffffff",
                    "font": "bold 18px Arial",
                    "visible": true
                }
            ],
            
            "events": {
                "oninit": "set_var SCORE=0"
            }
        },
        {
            "id": 1,
            "name": "commands_demo",
            "title": "Commands Demo",
            "background": "",
            "music": "",
            "flags": 0,
            
            "script": [
                "inc_var SCORE",
                "set_var VISITED_SCENE2=1",
                "playtext \"This scene demonstrates the ported commands.\" System"
            ],
            
            "hotspots": [
                {
                    "id": "btn_var_demo",
                    "x": 50,
                    "y": 200,
                    "width": 200,
                    "height": 40,
                    "cursor": "pointer",
                    "tiptext": "Test variable commands (set_var, inc_var, dec_var)",
                    "onclick": "inc_var SCORE 10"
                },
                {
                    "id": "btn_if_demo",
                    "x": 50,
                    "y": 260,
                    "width": 200,
                    "height": 40,
                    "cursor": "pointer",
                    "tiptext": "Test conditional (if command)",
                    "onclick": "if SCORE>5 then msgbox \"Score is greater than 5!\" else msgbox \"Score is 5 or less\""
                },
                {
                    "id": "btn_text_demo",
                    "x": 50,
                    "y": 320,
                    "width": 200,
                    "height": 40,
                    "cursor": "pointer",
                    "tiptext": "Test dialog display",
                    "onclick": "playtext \"Hello! This is a dialog box from the playtext command.\" Character"
                },
                {
                    "id": "btn_back",
                    "x": 600,
                    "y": 520,
                    "width": 150,
                    "height": 40,
                    "cursor": "pointer",
                    "tiptext": "Go back to intro",
                    "onclick": "scene 0"
                },
                {
                    "id": "btn_next",
                    "x": 600,
                    "y": 460,
                    "width": 150,
                    "height": 40,
                    "cursor": "pointer",
                    "tiptext": "Next scene",
                    "onclick": "scene +1"
                }
            ],
            
            "objects": [
                {
                    "type": "text",
                    "name": "scene_title",
                    "text": "📋 COMMAND DEMO",
                    "x": 50,
                    "y": 50,
                    "color": "#4fc3f7",
                    "font": "bold 28px Arial",
                    "visible": true
                },
                {
                    "type": "text",
                    "name": "scene_desc",
                    "text": "Click the buttons to test different commands",
                    "x": 50,
                    "y": 90,
                    "color": "#888888",
                    "font": "14px Arial",
                    "visible": true
                },
                {
                    "type": "text",
                    "name": "var_label",
                    "text": "📊 Variable Demo",
                    "x": 60,
                    "y": 225,
                    "color": "#ffffff",
                    "font": "16px Arial",
                    "visible": true
                },
                {
                    "type": "text",
                    "name": "if_label",
                    "text": "🔀 Conditional Demo",
                    "x": 60,
                    "y": 285,
                    "color": "#ffffff",
                    "font": "16px Arial",
                    "visible": true
                },
                {
                    "type": "text",
                    "name": "text_label",
                    "text": "💬 Dialog Demo",
                    "x": 60,
                    "y": 345,
                    "color": "#ffffff",
                    "font": "16px Arial",
                    "visible": true
                },
                {
                    "type": "text",
                    "name": "back_label",
                    "text": "◀ Back",
                    "x": 650,
                    "y": 545,
                    "color": "#ffffff",
                    "font": "16px Arial",
                    "visible": true
                },
                {
                    "type": "text",
                    "name": "next_label",
                    "text": "Next ▶",
                    "x": 645,
                    "y": 485,
                    "color": "#ffffff",
                    "font": "16px Arial",
                    "visible": true
                },
                {
                    "type": "text",
                    "name": "cmd_list_title",
                    "text": "All 49 Commands:",
                    "x": 400,
                    "y": 150,
                    "color": "#4fc3f7",
                    "font": "bold 16px Arial",
                    "visible": true
                },
                {
                    "type": "text",
                    "name": "cmd_list_1",
                    "text": "quit, about, prefs, prev, next, zoom",
                    "x": 400,
                    "y": 180,
                    "color": "#aaaaaa",
                    "font": "12px monospace",
                    "visible": true
                },
                {
                    "type": "text",
                    "name": "cmd_list_2",
                    "text": "scene, hotspot, tiptext, playavi, playbmp",
                    "x": 400,
                    "y": 200,
                    "color": "#aaaaaa",
                    "font": "12px monospace",
                    "visible": true
                },
                {
                    "type": "text",
                    "name": "cmd_list_3",
                    "text": "playwav, playmid, playhtml, zoomin, zoomout",
                    "x": 400,
                    "y": 220,
                    "color": "#aaaaaa",
                    "font": "12px monospace",
                    "visible": true
                },
                {
                    "type": "text",
                    "name": "cmd_list_4",
                    "text": "pause, exec, explore, playcda, playseq",
                    "x": 400,
                    "y": 240,
                    "color": "#aaaaaa",
                    "font": "12px monospace",
                    "visible": true
                },
                {
                    "type": "text",
                    "name": "cmd_list_5",
                    "text": "if, set_var, inc_var, dec_var, invalidate",
                    "x": 400,
                    "y": 260,
                    "color": "#aaaaaa",
                    "font": "12px monospace",
                    "visible": true
                },
                {
                    "type": "text",
                    "name": "cmd_list_6",
                    "text": "defcursor, addbmp, delbmp, showbmp, hidebmp",
                    "x": 400,
                    "y": 280,
                    "color": "#aaaaaa",
                    "font": "12px monospace",
                    "visible": true
                },
                {
                    "type": "text",
                    "name": "cmd_list_7",
                    "text": "runprj, update, rundll, msgbox, playcmd",
                    "x": 400,
                    "y": 300,
                    "color": "#aaaaaa",
                    "font": "12px monospace",
                    "visible": true
                },
                {
                    "type": "text",
                    "name": "cmd_list_8",
                    "text": "closewav, closedll, playtext, font, rem",
                    "x": 400,
                    "y": 320,
                    "color": "#aaaaaa",
                    "font": "12px monospace",
                    "visible": true
                },
                {
                    "type": "text",
                    "name": "cmd_list_9",
                    "text": "addtext, delobj, showobj, hideobj",
                    "x": 400,
                    "y": 340,
                    "color": "#aaaaaa",
                    "font": "12px monospace",
                    "visible": true
                },
                {
                    "type": "text",
                    "name": "cmd_list_10",
                    "text": "load, save, closeavi, closemid",
                    "x": 400,
                    "y": 360,
                    "color": "#aaaaaa",
                    "font": "12px monospace",
                    "visible": true
                }
            ],
            
            "events": {
                "oninit": null,
                "afterinit": null
            }
        },
        {
            "id": 2,
            "name": "architecture",
            "title": "Original Architecture",
            "background": "",
            "music": "",
            "flags": 0,
            
            "hotspots": [
                {
                    "id": "btn_prev",
                    "x": 600,
                    "y": 520,
                    "width": 150,
                    "height": 40,
                    "cursor": "pointer",
                    "tiptext": "Previous scene",
                    "onclick": "scene -1"
                }
            ],
            
            "objects": [
                {
                    "type": "text",
                    "name": "arch_title",
                    "text": "🏗️ ORIGINAL ARCHITECTURE",
                    "x": 50,
                    "y": 50,
                    "color": "#4fc3f7",
                    "font": "bold 28px Arial",
                    "visible": true
                },
                {
                    "type": "text",
                    "name": "arch_desc",
                    "text": "Reverse engineered from binary using radare2",
                    "x": 50,
                    "y": 90,
                    "color": "#888888",
                    "font": "14px Arial",
                    "visible": true
                },
                {
                    "type": "text",
                    "name": "file1",
                    "text": "📁 europeo.exe - Main application (666 functions)",
                    "x": 50,
                    "y": 150,
                    "color": "#ffffff",
                    "font": "14px Arial",
                    "visible": true
                },
                {
                    "type": "text",
                    "name": "file2",
                    "text": "📁 vndllapi.dll - VN Command API",
                    "x": 50,
                    "y": 180,
                    "color": "#ffffff",
                    "font": "14px Arial",
                    "visible": true
                },
                {
                    "type": "text",
                    "name": "file3",
                    "text": "📁 vnresmod.dll - Resource Manager",
                    "x": 50,
                    "y": 210,
                    "color": "#ffffff",
                    "font": "14px Arial",
                    "visible": true
                },
                {
                    "type": "text",
                    "name": "file4",
                    "text": "📁 vnoption.dll - Options Dialog",
                    "x": 50,
                    "y": 240,
                    "color": "#ffffff",
                    "font": "14px Arial",
                    "visible": true
                },
                {
                    "type": "text",
                    "name": "class1",
                    "text": "📦 TVNVariable (264 bytes) - Linked list variables",
                    "x": 50,
                    "y": 300,
                    "color": "#aaaaaa",
                    "font": "12px monospace",
                    "visible": true
                },
                {
                    "type": "text",
                    "name": "class2",
                    "text": "📦 TVNScene (82 bytes) - Scene structure",
                    "x": 50,
                    "y": 325,
                    "color": "#aaaaaa",
                    "font": "12px monospace",
                    "visible": true
                },
                {
                    "type": "text",
                    "name": "class3",
                    "text": "📦 TVNHotspot - Interactive area",
                    "x": 50,
                    "y": 350,
                    "color": "#aaaaaa",
                    "font": "12px monospace",
                    "visible": true
                },
                {
                    "type": "text",
                    "name": "class4",
                    "text": "📦 TVNImageObject - Image display",
                    "x": 50,
                    "y": 375,
                    "color": "#aaaaaa",
                    "font": "12px monospace",
                    "visible": true
                },
                {
                    "type": "text",
                    "name": "class5",
                    "text": "📦 TVNTextObject - Text display",
                    "x": 50,
                    "y": 400,
                    "color": "#aaaaaa",
                    "font": "12px monospace",
                    "visible": true
                },
                {
                    "type": "text",
                    "name": "main_func",
                    "text": "⚙️ Main command handler: fcn.0040b990 (7328 bytes, 49 cases)",
                    "x": 50,
                    "y": 460,
                    "color": "#ffcc00",
                    "font": "14px Arial",
                    "visible": true
                },
                {
                    "type": "text",
                    "name": "render_func",
                    "text": "🎨 Main render function: fcn.004200cf (6624 bytes)",
                    "x": 50,
                    "y": 490,
                    "color": "#ffcc00",
                    "font": "14px Arial",
                    "visible": true
                },
                {
                    "type": "text",
                    "name": "prev_label",
                    "text": "◀ Previous",
                    "x": 635,
                    "y": 545,
                    "color": "#ffffff",
                    "font": "16px Arial",
                    "visible": true
                }
            ]
        }
    ]
}
