{
    "name": "Sample VN Project",
    "version": "1.0.0",
    "author": "Europeo VN Engine",
    "description": "A sample visual novel project demonstrating the engine features",
    
    "config": {
        "gameId": "sample_vn",
        "width": 800,
        "height": 600,
        "basePath": "assets"
    },
    
    "startScene": 0,
    
    "scenes": [
        {
            "name": "title",
            "type": "menu",
            "background": "backgrounds/title_bg.png",
            "music": "music/title_theme.mp3",
            
            "objects": [
                {
                    "type": "text",
                    "id": "game_title",
                    "text": "My Visual Novel",
                    "x": 400,
                    "y": 150,
                    "font": "Georgia",
                    "fontSize": 48,
                    "color": "#ffffff"
                },
                {
                    "type": "text",
                    "id": "subtitle",
                    "text": "A Story of Adventure",
                    "x": 400,
                    "y": 220,
                    "fontSize": 24,
                    "color": "#cccccc"
                }
            ],
            
            "hotspots": [
                {
                    "id": "start_game",
                    "x": 300,
                    "y": 350,
                    "width": 200,
                    "height": 50,
                    "tipText": "Start a new game",
                    "action": "goto_scene:intro"
                },
                {
                    "id": "load_game",
                    "x": 300,
                    "y": 420,
                    "width": 200,
                    "height": 50,
                    "tipText": "Load a saved game",
                    "action": "show_load"
                },
                {
                    "id": "options",
                    "x": 300,
                    "y": 490,
                    "width": 200,
                    "height": 50,
                    "tipText": "Game options",
                    "action": "show_options"
                }
            ],
            
            "texts": [
                {
                    "id": "btn_start",
                    "text": "▶ New Game",
                    "x": 400,
                    "y": 375,
                    "fontSize": 20,
                    "color": "#00ff88"
                },
                {
                    "id": "btn_load",
                    "text": "📁 Load Game",
                    "x": 400,
                    "y": 445,
                    "fontSize": 20,
                    "color": "#ffcc00"
                },
                {
                    "id": "btn_options",
                    "text": "⚙️ Options",
                    "x": 400,
                    "y": 515,
                    "fontSize": 20,
                    "color": "#88ccff"
                }
            ]
        },
        
        {
            "name": "intro",
            "type": "scene",
            "background": "backgrounds/forest.png",
            "music": "music/ambient.mp3",
            
            "script": [
                { "cmd": "wait", "ms": 500 },
                { "cmd": "showbmp", "file": "characters/hero.png", "x": 200, "y": 100, "id": "hero" },
                { "cmd": "dialog", "name": "Narrator", "text": "Our story begins in the ancient forest of Myria..." },
                { "cmd": "dialog", "name": "Hero", "text": "Where am I? This place looks unfamiliar..." },
                { "cmd": "showbmp", "file": "characters/guide.png", "x": 500, "y": 100, "id": "guide" },
                { "cmd": "dialog", "name": "???", "text": "Welcome, traveler. I've been waiting for you." },
                { "cmd": "set_var", "name": "met_guide", "value": true },
                { "cmd": "dialog", "name": "Guide", "text": "My name is Elara. I am the guardian of this forest." },
                { "cmd": "dialog", "name": "Hero", "text": "Waiting for me? But how did I get here?" },
                { "cmd": "dialog", "name": "Elara", "text": "All will be revealed in time. For now, you must make a choice." },
                { "cmd": "goto_scene", "scene": "choice1" }
            ]
        },
        
        {
            "name": "choice1",
            "type": "choice",
            "background": "backgrounds/forest.png",
            
            "objects": [
                {
                    "type": "image",
                    "id": "hero",
                    "file": "characters/hero.png",
                    "x": 200,
                    "y": 100
                },
                {
                    "type": "image",
                    "id": "guide",
                    "file": "characters/guide.png",
                    "x": 500,
                    "y": 100
                }
            ],
            
            "dialog": {
                "name": "Elara",
                "text": "Will you trust me and follow the path of light, or venture into the shadows alone?"
            },
            
            "choices": [
                {
                    "text": "Follow the path of light",
                    "action": "goto_scene:light_path",
                    "setVar": { "path": "light" }
                },
                {
                    "text": "Venture into the shadows",
                    "action": "goto_scene:shadow_path",
                    "setVar": { "path": "shadow" }
                },
                {
                    "text": "Ask for more information",
                    "action": "goto_scene:ask_more"
                }
            ]
        },
        
        {
            "name": "light_path",
            "type": "scene",
            "background": "backgrounds/light_temple.png",
            "music": "music/hope.mp3",
            
            "script": [
                { "cmd": "dialog", "name": "Narrator", "text": "You chose to follow the path of light..." },
                { "cmd": "dialog", "name": "Elara", "text": "A wise choice. The temple of light awaits." },
                { "cmd": "set_var", "name": "trust_elara", "value": true },
                { "cmd": "add", "var": "reputation", "value": 10 },
                { "cmd": "dialog", "name": "Hero", "text": "What awaits me at the temple?" },
                { "cmd": "dialog", "name": "Elara", "text": "Your destiny. And perhaps... the truth about who you really are." },
                { "cmd": "goto_scene", "scene": "to_be_continued" }
            ]
        },
        
        {
            "name": "shadow_path",
            "type": "scene",
            "background": "backgrounds/dark_cave.png",
            "music": "music/mystery.mp3",
            
            "script": [
                { "cmd": "dialog", "name": "Narrator", "text": "You chose to venture into the shadows alone..." },
                { "cmd": "dialog", "name": "Elara", "text": "I see. The path of shadows is dangerous, but perhaps necessary." },
                { "cmd": "set_var", "name": "independent", "value": true },
                { "cmd": "add", "var": "courage", "value": 10 },
                { "cmd": "dialog", "name": "Hero", "text": "I need to find my own answers." },
                { "cmd": "dialog", "name": "Elara", "text": "Then go. But remember... not everything in the shadows is an enemy." },
                { "cmd": "goto_scene", "scene": "to_be_continued" }
            ]
        },
        
        {
            "name": "ask_more",
            "type": "scene",
            "background": "backgrounds/forest.png",
            
            "script": [
                { "cmd": "dialog", "name": "Hero", "text": "Before I decide, I need to know more. What is this place?" },
                { "cmd": "dialog", "name": "Elara", "text": "This is the Nexus - a place between worlds." },
                { "cmd": "add", "var": "wisdom", "value": 5 },
                { "cmd": "dialog", "name": "Elara", "text": "You were brought here because of your unique gift." },
                { "cmd": "dialog", "name": "Hero", "text": "Gift? What gift?" },
                { "cmd": "dialog", "name": "Elara", "text": "The ability to see what others cannot. To change what seems unchangeable." },
                { "cmd": "dialog", "name": "Elara", "text": "Now, with this knowledge, you must still choose your path." },
                { "cmd": "goto_scene", "scene": "choice1" }
            ]
        },
        
        {
            "name": "to_be_continued",
            "type": "ending",
            "background": "backgrounds/sunset.png",
            "music": "music/ending.mp3",
            
            "script": [
                { "cmd": "wait", "ms": 1000 },
                { "cmd": "dialog", "name": "Narrator", "text": "And so begins your journey..." },
                { "cmd": "wait", "ms": 500 },
                { "cmd": "addtext", "id": "end_text", "text": "To Be Continued...", "x": 400, "y": 300, "fontSize": 36, "color": "#ffffff" },
                { "cmd": "wait", "ms": 3000 },
                { "cmd": "goto_scene", "scene": "title" }
            ]
        }
    ],
    
    "variables": {
        "player_name": "Hero",
        "reputation": 0,
        "courage": 0,
        "wisdom": 0
    },
    
    "characters": {
        "hero": {
            "name": "Hero",
            "color": "#00ff88"
        },
        "elara": {
            "name": "Elara",
            "color": "#ff88ff"
        },
        "narrator": {
            "name": "Narrator",
            "color": "#888888"
        }
    }
}
