{
  "per_file": {
    "allem.vnd": {
      "variables": 280,
      "images": 72,
      "sounds": 14,
      "videos": 21,
      "projects": 5,
      "commands": 30
    },
    "angleterre.vnd": {
      "variables": 284,
      "images": 134,
      "sounds": 38,
      "videos": 42,
      "projects": 3,
      "commands": 49
    },
    "autr.vnd": {
      "variables": 283,
      "images": 92,
      "sounds": 21,
      "videos": 33,
      "projects": 8,
      "commands": 44
    },
    "barre.vnd": {
      "variables": 12,
      "images": 49,
      "sounds": 0,
      "videos": 2,
      "projects": 1,
      "commands": 1
    },
    "belge.vnd": {
      "variables": 280,
      "images": 125,
      "sounds": 6,
      "videos": 25,
      "projects": 6,
      "commands": 47
    },
    "biblio.vnd": {
      "variables": 284,
      "images": 363,
      "sounds": 46,
      "videos": 0,
      "projects": 14,
      "commands": 46
    },
    "couleurs1.vnd": {
      "variables": 280,
      "images": 131,
      "sounds": 11,
      "videos": 28,
      "projects": 18,
      "commands": 46
    },
    "danem.vnd": {
      "variables": 281,
      "images": 83,
      "sounds": 6,
      "videos": 14,
      "projects": 5,
      "commands": 21
    },
    "ecosse.vnd": {
      "variables": 280,
      "images": 111,
      "sounds": 19,
      "videos": 22,
      "projects": 4,
      "commands": 32
    },
    "espa.vnd": {
      "variables": 285,
      "images": 86,
      "sounds": 13,
      "videos": 30,
      "projects": 5,
      "commands": 35
    },
    "finlan.vnd": {
      "variables": 280,
      "images": 73,
      "sounds": 9,
      "videos": 20,
      "projects": 5,
      "commands": 27
    },
    "france.vnd": {
      "variables": 284,
      "images": 89,
      "sounds": 15,
      "videos": 46,
      "projects": 10,
      "commands": 52
    },
    "grece.vnd": {
      "variables": 285,
      "images": 94,
      "sounds": 7,
      "videos": 18,
      "projects": 3,
      "commands": 30
    },
    "holl.vnd": {
      "variables": 282,
      "images": 95,
      "sounds": 16,
      "videos": 17,
      "projects": 4,
      "commands": 24
    },
    "irland.vnd": {
      "variables": 280,
      "images": 95,
      "sounds": 8,
      "videos": 29,
      "projects": 6,
      "commands": 28
    },
    "italie.vnd": {
      "variables": 284,
      "images": 112,
      "sounds": 11,
      "videos": 29,
      "projects": 5,
      "commands": 44
    },
    "portu.vnd": {
      "variables": 280,
      "images": 84,
      "sounds": 11,
      "videos": 27,
      "projects": 5,
      "commands": 27
    },
    "start.vnd": {
      "variables": 284,
      "images": 6,
      "sounds": 5,
      "videos": 4,
      "projects": 1,
      "commands": 1
    },
    "suede.vnd": {
      "variables": 280,
      "images": 67,
      "sounds": 6,
      "videos": 20,
      "projects": 7,
      "commands": 27
    }
  },
  "totals": {
    "images": [
      "Italie.bmp",
      "\\allem\\img24\\berlin.bmp",
      "\\angl\\img24\\mer.bmp",
      "\\angl\\img24\\oeillet.bmp",
      "\\angl\\img24\\oeillet2.bmp",
      "\\barre\\images\\barre.bmp",
      "\\barre\\images\\barrenoir.bmp",
      "\\barre\\images\\calc1.bmp",
      "\\barre\\images\\calc2.bmp",
      "\\barre\\images\\cochon.bmp",
      "\\barre\\images\\f1.bmp",
      "\\barre\\images\\f10.bmp",
      "\\barre\\images\\f11.bmp",
      "\\barre\\images\\f12.bmp",
      "\\barre\\images\\f2.bmp",
      "\\barre\\images\\f3.bmp",
      "\\barre\\images\\f4.bmp",
      "\\barre\\images\\f5.bmp",
      "\\barre\\images\\f6.bmp",
      "\\barre\\images\\f7.bmp",
      "\\barre\\images\\f8.bmp",
      "\\barre\\images\\f9.bmp",
      "\\barre\\images\\fleche.bmp",
      "\\barre\\images\\fleche2.bmp",
      "\\barre\\images\\ordi.bmp",
      "\\barre\\images\\p_all.bmp",
      "\\barre\\images\\p_angl.bmp",
      "\\barre\\images\\p_autriche.bmp",
      "\\barre\\images\\p_belgique.bmp",
      "\\barre\\images\\p_danemark.bmp",
      "\\barre\\images\\p_ecosse.bmp",
      "\\barre\\images\\p_espagne.bmp",
      "\\barre\\images\\p_euroland.bmp",
      "\\barre\\images\\p_finland.bmp",
      "\\barre\\images\\p_france.bmp",
      "\\barre\\images\\p_grece.bmp",
      "\\barre\\images\\p_irlande.bmp",
      "\\barre\\images\\p_italie.bmp",
      "\\barre\\images\\p_pays.bmp",
      "\\barre\\images\\p_port.bmp",
      "\\barre\\images\\p_suede.bmp",
      "\\barre\\images\\sac.bmp",
      "\\barre\\images\\sac2.bmp",
      "\\barre\\images\\telep.bmp",
      "\\barre\\images\\telep2.bmp",
      "\\barre\\images\\texteam.bmp",
      "\\barre\\images\\textes.bmp",
      "\\barre\\images\\textet.bmp",
      "\\barre\\images\\textetc.bmp",
      "\\barre\\images\\textetm.bmp",
      "\\barre\\images\\textetr.bmp",
      "\\barre\\images\\trans.bmp",
      "\\barre\\images\\trans2.bmp",
      "\\biblio\\img24\\cartes\\c121.bmp",
      "\\couleurs1\\img24\\euroland\\bonus.bmp",
      "\\ecosse\\img24\\cle.bmp",
      "\\ecosse\\img24\\interc.bmp",
      "\\ecosse\\img24\\papier.bmp",
      "\\ecosse\\img24\\papierbleu.bmp",
      "\\euro\\imguk\\druide.bmp",
      "\\euro\\imguk\\gartou.bmp",
      "\\frontal\\img24\\fond.bmp",
      "\\italie\\img24\\interc3.bmp",
      "\\italie\\img24\\papierfiole2.bmp",
      "a_venise.bmp",
      "abeille.bmp",
      "acph.bmp",
      "act\\bb1.bmp",
      "act\\bb10.bmp",
      "act\\bb11.bmp",
      "act\\bb12.bmp",
      "act\\bb13.bmp",
      "act\\bb14.bmp",
      "act\\bb15.bmp",
      "act\\bb2.bmp",
      "act\\bb3.bmp",
      "act\\bb4.bmp",
      "act\\bb5.bmp",
      "act\\bb6.bmp",
      "act\\bb7.bmp",
      "act\\bb8.bmp",
      "act\\bb9.bmp",
      "act\\h1.bmp",
      "act\\h10.bmp",
      "act\\h11.bmp",
      "act\\h12.bmp",
      "act\\h13.bmp",
      "act\\h14.bmp",
      "act\\h2.bmp",
      "act\\h3.bmp",
      "act\\h4.bmp",
      "act\\h5.bmp",
      "act\\h6.bmp",
      "act\\h7.bmp",
      "act\\h8.bmp",
      "act\\h9.bmp",
      "act\\l1.bmp",
      "act\\l10.bmp",
      "act\\l11.bmp",
      "act\\l12.bmp",
      "act\\l13.bmp",
      "act\\l14.bmp",
      "act\\l15.bmp",
      "act\\l16.bmp",
      "act\\l17.bmp",
      "act\\l18.bmp",
      "act\\l19.bmp",
      "act\\l2.bmp",
      "act\\l20.bmp",
      "act\\l21.bmp",
      "act\\l22.bmp",
      "act\\l23.bmp",
      "act\\l24.bmp",
      "act\\l25.bmp",
      "act\\l26.bmp",
      "act\\l3.bmp",
      "act\\l4.bmp",
      "act\\l5.bmp",
      "act\\l6.bmp",
      "act\\l7.bmp",
      "act\\l8.bmp",
      "act\\l9.bmp",
      "act\\p1.bmp",
      "act\\p10.bmp",
      "act\\p11.bmp",
      "act\\p12.bmp",
      "act\\p13.bmp",
      "act\\p14.bmp",
      "act\\p15.bmp",
      "act\\p16.bmp",
      "act\\p2bis.bmp",
      "act\\p3.bmp",
      "act\\p4.bmp",
      "act\\p5.bmp",
      "act\\p6.bmp",
      "act\\p7.bmp",
      "act\\p8.bmp",
      "act\\p9.bmp",
      "act\\pp1.bmp",
      "act\\pp2.bmp",
      "act\\quitterh.bmp",
      "adam.bmp",
      "ail.bmp",
      "aile.bmp",
      "alha.bmp",
      "amster.bmp",
      "amster2.bmp",
      "andersen.bmp",
      "apicul.bmp",
      "apicul2.bmp",
      "athene.bmp",
      "aviat.bmp",
      "barcel.bmp",
      "bato.bmp",
      "bato2.bmp",
      "bato3.bmp",
      "bazar.bmp",
      "beetho1.bmp",
      "beetho2.bmp",
      "beph.bmp",
      "berlin.bmp",
      "biblio.bmp",
      "biere.bmp",
      "big1.bmp",
      "big2.bmp",
      "billetg.bmp",
      "ble.bmp",
      "boite.bmp",
      "book01.bmp",
      "book02.bmp",
      "book03.bmp",
      "book04.bmp",
      "book05.bmp",
      "bougie.bmp",
      "bougie2.bmp",
      "boulan.bmp",
      "boulan2.bmp",
      "boulan3.bmp",
      "boules01.bmp",
      "bouteille.bmp",
      "boutiq.bmp",
      "boutiq2.bmp",
      "boutiq3.bmp",
      "brass.bmp",
      "cabine.bmp",
      "cacheath.bmp",
      "caisse.bmp",
      "campa2.bmp",
      "caravelle.bmp",
      "cartes\\c1.bmp",
      "cartes\\c10.bmp",
      "cartes\\c11.bmp",
      "cartes\\c12.bmp",
      "cartes\\c13.bmp",
      "cartes\\c14.bmp",
      "cartes\\c15.bmp",
      "cartes\\c16.bmp",
      "cartes\\c2.bmp",
      "cartes\\c3.bmp",
      "cartes\\c4.bmp",
      "cartes\\c5.bmp",
      "cartes\\c6.bmp",
      "cartes\\c7.bmp",
      "cartes\\c8.bmp",
      "cartes\\c9.bmp",
      "caswater.bmp",
      "cha.bmp",
      "champ.bmp",
      "chauffeur.bmp",
      "chevalp.bmp",
      "chien.bmp",
      "choco1.bmp",
      "choco2.bmp",
      "choix.bmp",
      "cle.bmp",
      "code.bmp",
      "codmau.bmp",
      "colo.bmp",
      "colombe.bmp",
      "colombe1.bmp",
      "copen.bmp",
      "coph.bmp",
      "corne.bmp",
      "couloir.bmp",
      "couronne.bmp",
      "credit.bmp",
      "croix1.bmp",
      "cuis1.bmp",
      "cuis2.bmp",
      "cuis22.bmp",
      "cuis3.bmp",
      "cuis4.bmp",
      "cuisinier2.bmp",
      "d2.bmp",
      "d3.bmp",
      "danger.bmp",
      "departd.bmp",
      "dest.bmp",
      "dorade.bmp",
      "drakar.bmp",
      "drapeaux\\D1.bmp",
      "drapeaux\\D10.bmp",
      "drapeaux\\D11.bmp",
      "drapeaux\\D12.bmp",
      "drapeaux\\D13.bmp",
      "drapeaux\\D14.bmp",
      "drapeaux\\D15.bmp",
      "drapeaux\\D16.bmp",
      "drapeaux\\D2.bmp",
      "drapeaux\\D3.bmp",
      "drapeaux\\D4.bmp",
      "drapeaux\\D5.bmp",
      "drapeaux\\D6.bmp",
      "drapeaux\\D7.bmp",
      "drapeaux\\D8.bmp",
      "drapeaux\\D9.bmp",
      "drapeaux\\d1.bmp",
      "drapeaux\\d10.bmp",
      "drapeaux\\d11.bmp",
      "drapeaux\\d12.bmp",
      "drapeaux\\d13.bmp",
      "drapeaux\\d14.bmp",
      "drapeaux\\d15.bmp",
      "drapeaux\\d18.bmp",
      "drapeaux\\d2.bmp",
      "drapeaux\\d3.bmp",
      "drapeaux\\d4.bmp",
      "drapeaux\\d5.bmp",
      "drapeaux\\d6.bmp",
      "drapeaux\\d7.bmp",
      "drapeaux\\d8.bmp",
      "drapeaux\\d9.bmp",
      "drapo\\3dall.bmp",
      "drapo\\3daut.bmp",
      "drapo\\3dbelg.bmp",
      "drapo\\3ddan.bmp",
      "drapo\\3desp.bmp",
      "drapo\\3dfin.bmp",
      "drapo\\3dfra.bmp",
      "drapo\\3dgb.bmp",
      "drapo\\3dgre.bmp",
      "drapo\\3dirl.bmp",
      "drapo\\3dita.bmp",
      "drapo\\3dlux.bmp",
      "drapo\\3dpay.bmp",
      "drapo\\3dpor.bmp",
      "drapo\\3dsue.bmp",
      "ecole.bmp",
      "ecuri.bmp",
      "edouard1.bmp",
      "egph.bmp",
      "ency.bmp",
      "ency01.bmp",
      "epicerie.bmp",
      "epicerie2.bmp",
      "eurodra.bmp",
      "euroland\\armoire3.bmp",
      "euroland\\banque.bmp",
      "euroland\\bdmusee.bmp",
      "euroland\\biblio.bmp",
      "euroland\\bonus.bmp",
      "euroland\\bureaubanquier.bmp",
      "euroland\\burzom.bmp",
      "euroland\\calc.bmp",
      "euroland\\calc2.bmp",
      "euroland\\cochon.bmp",
      "euroland\\courrier.bmp",
      "euroland\\dossier.bmp",
      "euroland\\ecran2.bmp",
      "euroland\\encre2.bmp",
      "euroland\\euro1.bmp",
      "euroland\\euro2.bmp",
      "euroland\\europe.bmp",
      "euroland\\experience.bmp",
      "euroland\\face.bmp",
      "euroland\\fiole2.bmp",
      "euroland\\fontain2.bmp",
      "euroland\\infosac.bmp",
      "euroland\\maire3.bmp",
      "euroland\\maison.bmp",
      "euroland\\mes_100.bmp",
      "euroland\\mes_porta.bmp",
      "euroland\\mess2.bmp",
      "euroland\\papier.bmp",
      "euroland\\rollover\\abscal.bmp",
      "euroland\\rollover\\abscomm.bmp",
      "euroland\\rollover\\abspai.bmp",
      "euroland\\rollover\\abssac.bmp",
      "euroland\\rollover\\active.bmp",
      "euroland\\rollover\\allumette2.bmp",
      "euroland\\rollover\\annule.bmp",
      "euroland\\rollover\\calc2.bmp",
      "euroland\\rollover\\clejaune.bmp",
      "euroland\\rollover\\coffre.bmp",
      "euroland\\rollover\\detcal.bmp",
      "euroland\\rollover\\detcomm.bmp",
      "euroland\\rollover\\detpai.bmp",
      "euroland\\rollover\\detsac.bmp",
      "euroland\\rollover\\maintel.bmp",
      "euroland\\rollover\\sac2.bmp",
      "euroland\\schema.bmp",
      "euroland\\table_m.bmp",
      "euroland\\tele.bmp",
      "euroland\\transverteur2.bmp",
      "eurostar.bmp",
      "expo3.bmp",
      "expo4.bmp",
      "expo5.bmp",
      "expo6.bmp",
      "expo7.bmp",
      "expo8.bmp",
      "expouni.bmp",
      "fabricbiere.bmp",
      "fado.bmp",
      "faienc.bmp",
      "ferme.bmp",
      "ferme2.bmp",
      "fermier.bmp",
      "filo.bmp",
      "fonbijou.bmp",
      "fond2.bmp",
      "fond3.bmp",
      "fontain.bmp",
      "fontaine.bmp",
      "forge.bmp",
      "froleg.bmp",
      "fromage.bmp",
      "frotext.bmp",
      "galrie.bmp",
      "garde.bmp",
      "gare.bmp",
      "geo.bmp",
      "geo1.bmp",
      "geo2.bmp",
      "globe.bmp",
      "globe1.bmp",
      "globe2.bmp",
      "globeII1.bmp",
      "glossaire.bmp",
      "grenouille.bmp",
      "grmer.bmp",
      "guide.bmp",
      "guitar.bmp",
      "guitare.bmp",
      "harony.bmp",
      "hasq.bmp",
      "hatta.bmp",
      "hibou.bmp",
      "hibou1.bmp",
      "hibou2.bmp",
      "histoire.bmp",
      "hotte.bmp",
      "hymnes2.bmp",
      "h\u00e9lico.bmp",
      "h\u00e9lico2.bmp",
      "icone.bmp",
      "infobeet.bmp",
      "intbato.bmp",
      "interc.bmp",
      "interc2.bmp",
      "interc3.bmp",
      "interface.bmp",
      "interface\\jeu.bmp",
      "interface\\livres.bmp",
      "interface\\oui.bmp",
      "interface\\tirelire.bmp",
      "interface\\video.bmp",
      "intero.bmp",
      "inven.bmp",
      "irph.bmp",
      "japtou.bmp",
      "jaune.bmp",
      "jeu_mo.bmp",
      "jeuloc.bmp",
      "jo1.bmp",
      "journo.bmp",
      "joyaux1.bmp",
      "lapin3.bmp",
      "lapin3in.bmp",
      "lapin3out.bmp",
      "ldph.bmp",
      "legtext.bmp",
      "leo1.bmp",
      "leonard.bmp",
      "lesaistu.bmp",
      "librair.bmp",
      "livre.bmp",
      "loc.bmp",
      "loc2.bmp",
      "loc3.bmp",
      "loc4.bmp",
      "loc5.bmp",
      "loc6.bmp",
      "london.bmp",
      "london0.bmp",
      "london1.bmp",
      "london10.bmp",
      "london11.bmp",
      "london12.bmp",
      "london2.bmp",
      "london3.bmp",
      "london4.bmp",
      "london5.bmp",
      "london6.bmp",
      "london7.bmp",
      "london8.bmp",
      "london9.bmp",
      "londonq.bmp",
      "louve.bmp",
      "maison.bmp",
      "mak.bmp",
      "marcel.bmp",
      "marmot.bmp",
      "marmotte1.bmp",
      "marmotte2.bmp",
      "math.bmp",
      "menier.bmp",
      "menu.bmp",
      "mer.bmp",
      "message.bmp",
      "mete.bmp",
      "mete2.bmp",
      "meteor0.bmp",
      "meteor2.bmp",
      "meuni.bmp",
      "mlph.bmp",
      "mode.bmp",
      "mongol.bmp",
      "monnaie2.bmp",
      "moule.bmp",
      "moulin.bmp",
      "mozart.bmp",
      "mozart3.bmp",
      "mur1.bmp",
      "mur2.bmp",
      "musico.bmp",
      "navigateur.bmp",
      "ndph.bmp",
      "nessie2.bmp",
      "nobel.bmp",
      "noel.bmp",
      "noel2.bmp",
      "oeillet.bmp",
      "oeillet2.bmp",
      "oeuf.bmp",
      "oignon.bmp",
      "ouinon.bmp",
      "ours.bmp",
      "paellamenu.bmp",
      "papier.bmp",
      "papierfiole2.bmp",
      "papiersel.bmp",
      "parfum.bmp",
      "paris2.bmp",
      "pasteur.bmp",
      "pays.bmp",
      "paysliste.bmp",
      "paysliste2.bmp",
      "peintre.bmp",
      "peli.bmp",
      "pepe1.bmp",
      "perdujste.bmp",
      "photo.bmp",
      "photo2.bmp",
      "photos\\10n1.bmp",
      "photos\\10n10.bmp",
      "photos\\10n11.bmp",
      "photos\\10n12.bmp",
      "photos\\10n2.bmp",
      "photos\\10n3.bmp",
      "photos\\10n4.bmp",
      "photos\\10n5.bmp",
      "photos\\10n6.bmp",
      "photos\\10n7.bmp",
      "photos\\10n8.bmp",
      "photos\\10n9.bmp",
      "photos\\11n1.bmp",
      "photos\\11n10.bmp",
      "photos\\11n2.bmp",
      "photos\\11n3.bmp",
      "photos\\11n4.bmp",
      "photos\\11n5.bmp",
      "photos\\11n6.bmp",
      "photos\\11n7.bmp",
      "photos\\11n8.bmp",
      "photos\\11n9.bmp",
      "photos\\12n1.bmp",
      "photos\\12n10.bmp",
      "photos\\12n11.bmp",
      "photos\\12n12.bmp",
      "photos\\12n2.bmp",
      "photos\\12n3.bmp",
      "photos\\12n4.bmp",
      "photos\\12n5.bmp",
      "photos\\12n6.bmp",
      "photos\\12n7.bmp",
      "photos\\12n8.bmp",
      "photos\\12n9.bmp",
      "photos\\13n1.bmp",
      "photos\\13n2.bmp",
      "photos\\13n3.bmp",
      "photos\\13n4.bmp",
      "photos\\13n5.bmp",
      "photos\\13n6.bmp",
      "photos\\14n1.bmp",
      "photos\\14n10.bmp",
      "photos\\14n11.bmp",
      "photos\\14n2.bmp",
      "photos\\14n3.bmp",
      "photos\\14n4.bmp",
      "photos\\14n5.bmp",
      "photos\\14n6.bmp",
      "photos\\14n7.bmp",
      "photos\\14n8.bmp",
      "photos\\14n9.bmp",
      "photos\\15n1.bmp",
      "photos\\15n2.bmp",
      "photos\\15n3.bmp",
      "photos\\15n4.bmp",
      "photos\\15n5.bmp",
      "photos\\15n6.bmp",
      "photos\\1n1.bmp",
      "photos\\1n2.bmp",
      "photos\\1n3.bmp",
      "photos\\1n4.bmp",
      "photos\\1n5.bmp",
      "photos\\1n6.bmp",
      "photos\\2n1.bmp",
      "photos\\2n10.bmp",
      "photos\\2n11.bmp",
      "photos\\2n12.bmp",
      "photos\\2n2.bmp",
      "photos\\2n3.bmp",
      "photos\\2n4.bmp",
      "photos\\2n5.bmp",
      "photos\\2n6.bmp",
      "photos\\2n7.bmp",
      "photos\\2n8.bmp",
      "photos\\2n9.bmp",
      "photos\\3n1.bmp",
      "photos\\3n2.bmp",
      "photos\\3n3.bmp",
      "photos\\3n4.bmp",
      "photos\\3n5.bmp",
      "photos\\3n6.bmp",
      "photos\\4n1.bmp",
      "photos\\4n2.bmp",
      "photos\\4n3.bmp",
      "photos\\4n4.bmp",
      "photos\\4n5.bmp",
      "photos\\4n6.bmp",
      "photos\\4n7.bmp",
      "photos\\4n8.bmp",
      "photos\\4n9.bmp",
      "photos\\5n1.bmp",
      "photos\\5n2.bmp",
      "photos\\5n3.bmp",
      "photos\\5n4.bmp",
      "photos\\5n5.bmp",
      "photos\\5n6.bmp",
      "photos\\5n7.bmp",
      "photos\\5n8.bmp",
      "photos\\5n9.bmp",
      "photos\\6n1.bmp",
      "photos\\6n10.bmp",
      "photos\\6n11.bmp",
      "photos\\6n2.bmp",
      "photos\\6n3.bmp",
      "photos\\6n4.bmp",
      "photos\\6n5.bmp",
      "photos\\6n6.bmp",
      "photos\\6n7.bmp",
      "photos\\6n8.bmp",
      "photos\\6n9.bmp",
      "photos\\7n1.bmp",
      "photos\\7n10.bmp",
      "photos\\7n11.bmp",
      "photos\\7n12.bmp",
      "photos\\7n13.bmp",
      "photos\\7n2.bmp",
      "photos\\7n3.bmp",
      "photos\\7n4.bmp",
      "photos\\7n5.bmp",
      "photos\\7n6.bmp",
      "photos\\7n7.bmp",
      "photos\\7n8.bmp",
      "photos\\7n9.bmp",
      "photos\\8n1.bmp",
      "photos\\8n10.bmp",
      "photos\\8n11.bmp",
      "photos\\8n12.bmp",
      "photos\\8n2.bmp",
      "photos\\8n3.bmp",
      "photos\\8n4.bmp",
      "photos\\8n5.bmp",
      "photos\\8n6.bmp",
      "photos\\8n7.bmp",
      "photos\\8n8.bmp",
      "photos\\8n9.bmp",
      "photos\\9n1.bmp",
      "photos\\9n2.bmp",
      "photos\\9n3.bmp",
      "photos\\9n4.bmp",
      "photos\\9n5.bmp",
      "photos\\9n6.bmp",
      "photos\\9n7.bmp",
      "photos\\9n8.bmp",
      "photos\\9n9.bmp",
      "photos\\index1.bmp",
      "photos\\index10.bmp",
      "photos\\index11.bmp",
      "photos\\index12.bmp",
      "photos\\index13.bmp",
      "photos\\index14.bmp",
      "photos\\index15.bmp",
      "photos\\index2.bmp",
      "photos\\index3.bmp",
      "photos\\index4.bmp",
      "photos\\index5.bmp",
      "photos\\index6.bmp",
      "photos\\index7.bmp",
      "photos\\index8.bmp",
      "photos\\index9.bmp",
      "piece.bmp",
      "pierre1.bmp",
      "pise1.bmp",
      "pise2.bmp",
      "pise3.bmp",
      "pizz2.bmp",
      "pizz3.bmp",
      "plage.bmp",
      "plage2.bmp",
      "plage3.bmp",
      "plage4.bmp",
      "plaine1.bmp",
      "plat.bmp",
      "plat1.bmp",
      "poison.bmp",
      "poitext.bmp",
      "poitul.bmp",
      "poivronjaune.bmp",
      "poivronrouge.bmp",
      "polder.bmp",
      "ponpon.bmp",
      "ponpon2.bmp",
      "port.bmp",
      "pourquoi2.bmp",
      "prix.bmp",
      "prof.bmp",
      "pub.bmp",
      "puce.bmp",
      "puce1.bmp",
      "puce2.bmp",
      "qfaience.bmp",
      "question.bmp",
      "question1.bmp",
      "question2.bmp",
      "rec2.bmp",
      "recette.bmp",
      "reine.bmp",
      "rem.bmp",
      "rescam.bmp",
      "resttou.bmp",
      "resttou2.bmp",
      "rfaience.bmp",
      "rizp.bmp",
      "rol\\0rep.bmp",
      "rol\\10euros.bmp",
      "rol\\1prix.bmp",
      "rol\\1rep.bmp",
      "rol\\20euros.bmp",
      "rol\\2rep.bmp",
      "rol\\30euros.bmp",
      "rol\\3rep.bmp",
      "rol\\4rep.bmp",
      "rol\\5rep.bmp",
      "rol\\6rep.bmp",
      "rol\\ail.bmp",
      "rol\\all.bmp",
      "rol\\angl.bmp",
      "rol\\apl.bmp",
      "rol\\atomeb.bmp",
      "rol\\atonium.bmp",
      "rol\\au.bmp",
      "rol\\ballon1.bmp",
      "rol\\bel.bmp",
      "rol\\bonbon.bmp",
      "rol\\bonnet.bmp",
      "rol\\bonnet2.bmp",
      "rol\\bouee.bmp",
      "rol\\bouillon.bmp",
      "rol\\bouteil.bmp",
      "rol\\boutvide.bmp",
      "rol\\bus.bmp",
      "rol\\cadeau.bmp",
      "rol\\casta.bmp",
      "rol\\chapob.bmp",
      "rol\\chevalb.bmp",
      "rol\\chew.bmp",
      "rol\\chewing.bmp",
      "rol\\chope.bmp",
      "rol\\clerouge.bmp",
      "rol\\croix1.bmp",
      "rol\\croix2.bmp",
      "rol\\croix3.bmp",
      "rol\\croix4.bmp",
      "rol\\croix5.bmp",
      "rol\\croix6.bmp",
      "rol\\croix7.bmp",
      "rol\\dan.bmp",
      "rol\\delacroix.bmp",
      "rol\\dkpl.bmp",
      "rol\\doc.bmp",
      "rol\\dorade.bmp",
      "rol\\drapeau.bmp",
      "rol\\eau.bmp",
      "rol\\ecoss.bmp",
      "rol\\epl.bmp",
      "rol\\esp.bmp",
      "rol\\evantail.bmp",
      "rol\\fin.bmp",
      "rol\\fin1.bmp",
      "rol\\fin2.bmp",
      "rol\\fin3.bmp",
      "rol\\forgeron.bmp",
      "rol\\fra.bmp",
      "rol\\gagne.bmp",
      "rol\\gagne0.bmp",
      "rol\\gagne1.bmp",
      "rol\\gagne2.bmp",
      "rol\\gagne3.bmp",
      "rol\\gagne4.bmp",
      "rol\\gbpl.bmp",
      "rol\\gouinon.bmp",
      "rol\\gre.bmp",
      "rol\\guitar.bmp",
      "rol\\harpe.bmp",
      "rol\\harpon.bmp",
      "rol\\helice.bmp",
      "rol\\houblon.bmp",
      "rol\\huile.bmp",
      "rol\\huile2.bmp",
      "rol\\hymne.bmp",
      "rol\\irl.bmp",
      "rol\\ita.bmp",
      "rol\\joue.bmp",
      "rol\\jouepas.bmp",
      "rol\\jumo3.bmp",
      "rol\\juste1.bmp",
      "rol\\juste2.bmp",
      "rol\\juste3.bmp",
      "rol\\juste4.bmp",
      "rol\\juste5.bmp",
      "rol\\klimt.bmp",
      "rol\\laine.bmp",
      "rol\\levier.bmp",
      "rol\\locgagne.bmp",
      "rol\\m1.bmp",
      "rol\\main.bmp",
      "rol\\main2.bmp",
      "rol\\mall.bmp",
      "rol\\manb.bmp",
      "rol\\manette.bmp",
      "rol\\masque.bmp",
      "rol\\masse.bmp",
      "rol\\mesp.bmp",
      "rol\\mfra.bmp",
      "rol\\mgra.bmp",
      "rol\\mgre.bmp",
      "rol\\miel.bmp",
      "rol\\mita.bmp",
      "rol\\mo_all.bmp",
      "rol\\mo_bel.bmp",
      "rol\\mo_cou.bmp",
      "rol\\mo_dan.bmp",
      "rol\\mo_dra.bmp",
      "rol\\mo_esc.bmp",
      "rol\\mo_esp.bmp",
      "rol\\mo_fra.bmp",
      "rol\\mo_gb.bmp",
      "rol\\mo_gre.bmp",
      "rol\\mo_ita.bmp",
      "rol\\mo_lir.bmp",
      "rol\\mo_lire.bmp",
      "rol\\mo_mark.bmp",
      "rol\\mo_pes.bmp",
      "rol\\mo_por.bmp",
      "rol\\monnaie.bmp",
      "rol\\motod.bmp",
      "rol\\mouette.bmp",
      "rol\\mouinon.bmp",
      "rol\\moule.bmp",
      "rol\\mouton.bmp",
      "rol\\nlpl.bmp",
      "rol\\note_all.bmp",
      "rol\\note_b.bmp",
      "rol\\note_bel.bmp",
      "rol\\note_es.bmp",
      "rol\\note_fr.bmp",
      "rol\\note_gb.bmp",
      "rol\\note_ita.bmp",
      "rol\\note_r.bmp",
      "rol\\note_v.bmp",
      "rol\\oignon.bmp",
      "rol\\olive.bmp",
      "rol\\orge.bmp",
      "rol\\palmes.bmp",
      "rol\\partition.bmp",
      "rol\\pas.bmp",
      "rol\\paysbas.bmp",
      "rol\\pdroit.bmp",
      "rol\\perd1.bmp",
      "rol\\perd10.bmp",
      "rol\\perd20.bmp",
      "rol\\perd5.bmp",
      "rol\\perdpas1.bmp",
      "rol\\perdpas10.bmp",
      "rol\\perdpas20.bmp",
      "rol\\perdpas5.bmp",
      "rol\\perdu.bmp",
      "rol\\pgauche.bmp",
      "rol\\picasso.bmp",
      "rol\\pierre.bmp",
      "rol\\pince.bmp",
      "rol\\poivjaune.bmp",
      "rol\\poivrouge.bmp",
      "rol\\por.bmp",
      "rol\\poulet.bmp",
      "rol\\q1.bmp",
      "rol\\q2.bmp",
      "rol\\q3.bmp",
      "rol\\q4.bmp",
      "rol\\q5.bmp",
      "rol\\q6.bmp",
      "rol\\q7.bmp",
      "rol\\qjuste.bmp",
      "rol\\question.bmp",
      "rol\\qwater.bmp",
      "rol\\r1.bmp",
      "rol\\r2.bmp",
      "rol\\r3.bmp",
      "rol\\r4.bmp",
      "rol\\r5.bmp",
      "rol\\r6.bmp",
      "rol\\r7.bmp",
      "rol\\raquette.bmp",
      "rol\\regle.bmp",
      "rol\\rembrandt.bmp",
      "rol\\ressort.bmp",
      "rol\\riz.bmp",
      "rol\\rolpla1.bmp",
      "rol\\rolpla2.bmp",
      "rol\\rolpla3.bmp",
      "rol\\roue.bmp",
      "rol\\rouedent.bmp",
      "rol\\ruban.bmp",
      "rol\\sabot1.bmp",
      "rol\\sac.bmp",
      "rol\\sansprix.bmp",
      "rol\\sansviolon.bmp",
      "rol\\scotch.bmp",
      "rol\\seche.bmp",
      "rol\\sel.bmp",
      "rol\\sortie.bmp",
      "rol\\sortieg.bmp",
      "rol\\sortieh.bmp",
      "rol\\sortiem2.bmp",
      "rol\\sorties.bmp",
      "rol\\souris.bmp",
      "rol\\sskate.bmp",
      "rol\\suede.bmp",
      "rol\\taille.bmp",
      "rol\\ticket.bmp",
      "rol\\tondeuse.bmp",
      "rol\\tournevis.bmp",
      "rol\\turner.bmp",
      "rol\\tyrol.bmp",
      "rol\\vache.bmp",
      "rol\\vase.bmp",
      "rol\\vase2.bmp",
      "rol\\vinci.bmp",
      "rol\\violonb.bmp",
      "rolima\\Edin2.bmp",
      "rolima\\br.bmp",
      "rolima\\brulant.bmp",
      "rolima\\chaar1.bmp",
      "rolima\\chaar2.bmp",
      "rolima\\chaar3.bmp",
      "rolima\\chaar4.bmp",
      "rolima\\chaar5.bmp",
      "rolima\\chaud.bmp",
      "rolima\\code1.bmp",
      "rolima\\code2.bmp",
      "rolima\\code3.bmp",
      "rolima\\code4.bmp",
      "rolima\\code5.bmp",
      "rolima\\code6.bmp",
      "rolima\\code7.bmp",
      "rolima\\code8.bmp",
      "rolima\\code9.bmp",
      "rolima\\codeok.bmp",
      "rolima\\codnon.bmp",
      "rolima\\codoui.bmp",
      "rolima\\froid.bmp",
      "rolima\\glacial.bmp",
      "rolima\\photo.bmp",
      "rolima\\rolboi.bmp",
      "rolima\\rolboi2.bmp",
      "rolima\\rolbri.bmp",
      "rolima\\tchaud.bmp",
      "rolima\\tfroid.bmp",
      "roll\\b25.bmp",
      "roll\\b60.bmp",
      "roll\\bou.bmp",
      "roll\\bouteille.bmp",
      "roll\\far.bmp",
      "roll\\femme.bmp",
      "roll\\femme2.bmp",
      "roll\\helice.bmp",
      "roll\\jaune.bmp",
      "roll\\jeu_g.bmp",
      "roll\\laphoto.bmp",
      "roll\\lev.bmp",
      "roll\\levre.bmp",
      "roll\\parf1.bmp",
      "roll\\qcasta.bmp",
      "roll\\qsncf.bmp",
      "roll\\qsncf2.bmp",
      "roll\\sal.bmp",
      "roll\\ticket.bmp",
      "rollover\\Venise.bmp",
      "rollover\\alambra.bmp",
      "rollover\\all.bmp",
      "rollover\\atonium.bmp",
      "rollover\\aut.bmp",
      "rollover\\b1.bmp",
      "rollover\\b2.bmp",
      "rollover\\b3.bmp",
      "rollover\\b4.bmp",
      "rollover\\b5.bmp",
      "rollover\\b6.bmp",
      "rollover\\b7.bmp",
      "rollover\\b8.bmp",
      "rollover\\b9.bmp",
      "rollover\\b91.bmp",
      "rollover\\b92.bmp",
      "rollover\\b93.bmp",
      "rollover\\bas.bmp",
      "rollover\\bel.bmp",
      "rollover\\betoven.bmp",
      "rollover\\biere.bmp",
      "rollover\\big.bmp",
      "rollover\\bout1.bmp",
      "rollover\\bout2.bmp",
      "rollover\\bout3.bmp",
      "rollover\\burette2.bmp",
      "rollover\\celebre.bmp",
      "rollover\\cesar.bmp",
      "rollover\\chien.bmp",
      "rollover\\cinq.bmp",
      "rollover\\colysee.bmp",
      "rollover\\corsaire.bmp",
      "rollover\\cou.bmp",
      "rollover\\couronne.bmp",
      "rollover\\dan.bmp",
      "rollover\\eco.bmp",
      "rollover\\edinbourg.bmp",
      "rollover\\eiffel.bmp",
      "rollover\\esp.bmp",
      "rollover\\euf.bmp",
      "rollover\\fado.bmp",
      "rollover\\fin.bmp",
      "rollover\\fr.bmp",
      "rollover\\gange.bmp",
      "rollover\\gb.bmp",
      "rollover\\gre.bmp",
      "rollover\\histoire.bmp",
      "rollover\\irl.bmp",
      "rollover\\ita.bmp",
      "rollover\\lampe.bmp",
      "rollover\\leo.bmp",
      "rollover\\levure2.bmp",
      "rollover\\mac.bmp",
      "rollover\\marine.bmp",
      "rollover\\menu11.bmp",
      "rollover\\menu12.bmp",
      "rollover\\menu13.bmp",
      "rollover\\menu14.bmp",
      "rollover\\menu15.bmp",
      "rollover\\menu21.bmp",
      "rollover\\menu22.bmp",
      "rollover\\menu23.bmp",
      "rollover\\menu24.bmp",
      "rollover\\menu25.bmp",
      "rollover\\menu31.bmp",
      "rollover\\menu32.bmp",
      "rollover\\menu33.bmp",
      "rollover\\menu34.bmp",
      "rollover\\menu35.bmp",
      "rollover\\mode.bmp",
      "rollover\\mont.bmp",
      "rollover\\monument.bmp",
      "rollover\\mur.bmp",
      "rollover\\nobel.bmp",
      "rollover\\ours.bmp",
      "rollover\\pano.bmp",
      "rollover\\pano1.bmp",
      "rollover\\pasteur.bmp",
      "rollover\\pise.bmp",
      "rollover\\po.bmp",
      "rollover\\polder.bmp",
      "rollover\\por.bmp",
      "rollover\\porte1.bmp",
      "rollover\\qcolise.bmp",
      "rollover\\qfleuv.bmp",
      "rollover\\qrome.bmp",
      "rollover\\quitter.bmp",
      "rollover\\quotidien.bmp",
      "rollover\\rebus.bmp",
      "rollover\\rem.bmp",
      "rollover\\rome.bmp",
      "rollover\\rommu.bmp",
      "rollover\\rotvoi.bmp",
      "rollover\\sagrada.bmp",
      "rollover\\sauna.bmp",
      "rollover\\sel.bmp",
      "rollover\\sirop2.bmp",
      "rollover\\ski.bmp",
      "rollover\\stone.bmp",
      "rollover\\sue.bmp",
      "rollover\\the.bmp",
      "rollover\\tour.bmp",
      "rollover\\trajane.bmp",
      "rollover\\trois.bmp",
      "rollover\\un.bmp",
      "rollover\\velo.bmp",
      "rollover\\wallace.bmp",
      "roltext\\colo1.bmp",
      "roltext\\colo2.bmp",
      "roltext\\rolilf.bmp",
      "roltext\\rolpas.bmp",
      "roltext\\rolpas1.bmp",
      "rue.bmp",
      "rue2.bmp",
      "sabot2.bmp",
      "sagra.bmp",
      "sagrada1.bmp",
      "salon.bmp",
      "sals2.bmp",
      "sauna.bmp",
      "scooter1.bmp",
      "scotman.bmp",
      "secret1.bmp",
      "secret2.bmp",
      "secret3.bmp",
      "siren.bmp",
      "sirene.bmp",
      "skate2.bmp",
      "ski.bmp",
      "solus1.bmp",
      "solus2.bmp",
      "soumar2.bmp",
      "soumar3.bmp",
      "soumari.bmp",
      "spectre1.bmp",
      "sport.bmp",
      "squel1.bmp",
      "squel1_1.bmp",
      "squel2.bmp",
      "squel2_2.bmp",
      "squel3.bmp",
      "squel3_3.bmp",
      "squel4.bmp",
      "squel4_4.bmp",
      "squel5.bmp",
      "squel5_5.bmp",
      "squel6.bmp",
      "squel6_6.bmp",
      "squel7.bmp",
      "squel7_7.bmp",
      "squel8.bmp",
      "squel8_8.bmp",
      "squel9.bmp",
      "squel91.bmp",
      "squel911.bmp",
      "squel9_9.bmp",
      "squerate.bmp",
      "statue.bmp",
      "stone.bmp",
      "stone1.bmp",
      "stone2.bmp",
      "stone3.bmp",
      "tailpier.bmp",
      "the.bmp",
      "themes\\gloss.bmp",
      "themes\\hist.bmp",
      "themes\\loupe2.bmp",
      "themes\\musico2.bmp",
      "themes\\piece.bmp",
      "themes\\piece3.bmp",
      "themes\\quest.bmp",
      "themes\\recette2.bmp",
      "themes\\roi2.bmp",
      "tomates.bmp",
      "tour.bmp",
      "tour2.bmp",
      "tourbl.bmp",
      "tourbl2.bmp",
      "tourblanc.bmp",
      "tourp.bmp",
      "tourp2.bmp",
      "tourpise.bmp",
      "toursel2.bmp",
      "trajane.bmp",
      "tram.bmp",
      "tulipe.bmp",
      "tulipejaune.bmp",
      "tultext.bmp",
      "velo.bmp",
      "vendeur.bmp",
      "vendeur2.bmp",
      "vendeur3.bmp",
      "venise2.bmp",
      "vert.bmp",
      "vespa4.bmp",
      "vete.bmp",
      "villa1.bmp",
      "villag.bmp",
      "villag1.bmp",
      "violon.bmp",
      "violon2.bmp",
      "vitrine.bmp",
      "vitrine1.bmp",
      "wagon.bmp",
      "walace.bmp",
      "zodia2.bmp",
      "zodiac.bmp",
      "\u00e9pice.bmp"
    ],
    "sounds": [
      "Allemagne.wav",
      "Angleterre.wav",
      "Autriche.wav",
      "Avion.wav",
      "Belgique.wav",
      "Cochon.wav",
      "Danemark.wav",
      "Espagne.wav",
      "Finlande.wav",
      "France.wav",
      "Grece.wav",
      "Helico.wav",
      "Irlande.wav",
      "Italie.wav",
      "Musicf.wav",
      "Orgue.wav",
      "Scooter.wav",
      "Suede.wav",
      "Voiture.wav",
      "\\allem\\digit\\a_all.wav",
      "\\angl\\digit\\a_ang.wav",
      "\\autr\\digit\\a_aut.wav",
      "\\autr\\digit\\foret2.wav",
      "\\belge\\digit\\a_beg.wav",
      "\\belge\\digit\\cartoon.wav",
      "\\biblio\\digit\\Angleterre.wav",
      "\\biblio\\digit\\Belgique.wav",
      "\\biblio\\digit\\France.wav",
      "\\biblio\\digit\\Italie.wav",
      "\\biblio\\digit\\allemagne.wav",
      "\\biblio\\digit\\espagne.wav",
      "\\couleurs1\\digit\\bruit\\boing.wav",
      "\\couleurs1\\digit\\cartoon.wav",
      "\\couleurs1\\digit\\cling.wav",
      "\\couleurs1\\digit\\music.wav",
      "\\couleurs1\\digit\\ouais.wav",
      "\\couleurs1\\digit\\ouvre.wav",
      "\\couleurs1\\digit\\super.wav",
      "\\couleurs1\\digit\\yaou.wav",
      "\\danem\\digit\\a_dan.wav",
      "\\ecosse\\digit\\a_eco.wav",
      "\\ecosse\\digit\\chateau.wav",
      "\\ecosse\\digit\\zodiac.wav",
      "\\espa\\digit\\a_esp.wav",
      "\\finlan\\digit\\a_fin.wav",
      "\\france\\digit\\france.wav",
      "\\france\\digit\\train.wav",
      "\\grece\\digit\\a_gre.wav",
      "\\grece\\digit\\cartoon.wav",
      "\\grece\\digit\\cling.wav",
      "\\holl\\digit\\a_hol.wav",
      "\\irland\\digit\\a_irl.wav",
      "\\irland\\digit\\voile.wav",
      "\\italie\\digit\\clapotis.wav",
      "\\italie\\digit\\italie.wav",
      "\\portu\\digit\\a_por.wav",
      "\\portu\\digit\\eau.wav",
      "\\portu\\digit\\port.wav",
      "\\suede\\digit\\a_sue.wav",
      "a_all.wav",
      "a_ang.wav",
      "a_aut.wav",
      "a_beg.wav",
      "a_dan.wav",
      "a_eco.wav",
      "a_esp.wav",
      "a_fin.wav",
      "a_gre.wav",
      "a_hol.wav",
      "a_irl.wav",
      "a_por.wav",
      "a_sue.wav",
      "allemagne.wav",
      "ane.wav",
      "angleterre.wav",
      "applaud.wav",
      "armu1.wav",
      "armur3.wav",
      "armur4.wav",
      "armur5.wav",
      "armur6.wav",
      "ascen.wav",
      "autriche.wav",
      "avion.wav",
      "barque.wav",
      "beetho.wav",
      "belgique.wav",
      "bigben.wav",
      "bras.wav",
      "bruit\\Siren.wav",
      "bruit\\boing.wav",
      "bruit\\foret.wav",
      "cafe.wav",
      "cafe2.wav",
      "camp.wav",
      "cari.wav",
      "cartoon.wav",
      "casta.wav",
      "cerf.wav",
      "chateau.wav",
      "cheval.wav",
      "clapotis.wav",
      "cling.wav",
      "cod.wav",
      "colomb.wav",
      "corbeau.wav",
      "corne.wav",
      "couron.wav",
      "couturiers.wav",
      "croix.wav",
      "danemark.wav",
      "danse.wav",
      "dong.wav",
      "eau.wav",
      "espagne.wav",
      "fado.wav",
      "ferme.wav",
      "finlande.wav",
      "flam.wav",
      "france.wav",
      "globe.wav",
      "grece.wav",
      "helico.wav",
      "in.wav",
      "irlande.wav",
      "italie.wav",
      "klaxon.wav",
      "marche.wav",
      "marie.wav",
      "marine.wav",
      "max.wav",
      "min.wav",
      "mon.wav",
      "monstre.wav",
      "mouton.wav",
      "mozart.wav",
      "murberlin.wav",
      "music.wav",
      "nains.wav",
      "nobel.wav",
      "ouvre2.wav",
      "paysbas.wav",
      "peintre1.wav",
      "peintre2.wav",
      "peintre3.wav",
      "peintre4.wav",
      "perdu.wav",
      "pise.wav",
      "plat.wav",
      "polder.wav",
      "port.wav",
      "porte1.wav",
      "porte2.wav",
      "portugal.wav",
      "q36.wav",
      "q38.wav",
      "q40.wav",
      "q42.wav",
      "q44.wav",
      "q46.wav",
      "q48.wav",
      "q50.wav",
      "q52.wav",
      "q54.wav",
      "qr37.wav",
      "releve.wav",
      "rem.wav",
      "resto.wav",
      "ruche.wav",
      "sagrada.wav",
      "soumarin.wav",
      "suede.wav",
      "the.wav",
      "tic1.wav",
      "tourblanc.wav",
      "tousel34.wav",
      "tousel35_.wav",
      "tousel56.wav",
      "tousel57.wav",
      "train.wav",
      "tram.wav",
      "tyrol.wav",
      "unplus.wav",
      "vache.wav",
      "vase2.wav",
      "vent.wav",
      "vespa.wav",
      "villeang.wav",
      "voile.wav"
    ],
    "videos": [
      "\\couleurs1\\movie\\bonus1.avi",
      "\\couleurs1\\movie\\bonus2.avi",
      "\\couleurs1\\movie\\euroland\\aide2.avi",
      "\\couleurs1\\movie\\intro12.avi",
      "\\couleurs1\\movie\\retour.avi",
      "\\irland\\movie\\bateau.avi",
      "\\italie\\movie\\fiole.avi",
      "abeille1.avi",
      "abeille2.avi",
      "adam.avi",
      "adam99.avi",
      "alha2.avi",
      "all.avi",
      "angleterre1.avi",
      "apicu1.avi",
      "apicu2.avi",
      "apicu3.avi",
      "apicu99.avi",
      "asc.avi",
      "asc1.avi",
      "asc2.avi",
      "autriche1.avi",
      "aviateur1.avi",
      "aviateur99.avi",
      "avion.avi",
      "avion3.avi",
      "avion5.avi",
      "ballon1.avi",
      "ballon2.avi",
      "barque.avi",
      "bateau.avi",
      "bazar1.avi",
      "bazar2.avi",
      "bazar3.avi",
      "bazar99.avi",
      "belgique.avi",
      "blond.avi",
      "blond2.avi",
      "bonus1.avi",
      "bonus2.avi",
      "book1.avi",
      "book2.avi",
      "book3.avi",
      "book4.avi",
      "book5.avi",
      "book7.avi",
      "book99.avi",
      "bougie1.avi",
      "bougie3.avi",
      "boulanger1.avi",
      "boulanger2.avi",
      "boulanger99.avi",
      "boutique1.avi",
      "boutique99.avi",
      "bouton.avi",
      "brasse1.avi",
      "brasse2.avi",
      "brasse3.avi",
      "brasse4.avi",
      "brasse99.avi",
      "brun1.avi",
      "brun2.avi",
      "bus.avi",
      "bus1.avi",
      "bus2.avi",
      "bus99.avi",
      "canard1.avi",
      "cap1.avi",
      "cap2.avi",
      "cap3.avi",
      "cap99.avi",
      "capitaine.avi",
      "capitaine2.avi",
      "capitaine99.avi",
      "casta1.avi",
      "casta2.avi",
      "casta3.avi",
      "casta99.avi",
      "castag1.avi",
      "castag99.avi",
      "chef1.avi",
      "chef99.avi",
      "choco2.avi",
      "clodo1.avi",
      "clodo2.avi",
      "clodo3.avi",
      "clodo4.avi",
      "clodo5.avi",
      "clodo99.avi",
      "confise.avi",
      "confise99.avi",
      "coq.avi",
      "coutur.avi",
      "coutur1.avi",
      "coutur2.avi",
      "coutur3.avi",
      "coutur4.avi",
      "danem.avi",
      "delta.avi",
      "delta1.avi",
      "delta99.avi",
      "druide.avi",
      "druide99.avi",
      "eau.avi",
      "eau2.avi",
      "ecosse.avi",
      "ecran.avi",
      "epice1.avi",
      "espa.avi",
      "espa99.avi",
      "euroland\\arrimaire.avi",
      "euroland\\bankbis.avi",
      "euroland\\banq2.avi",
      "euroland\\banq3.avi",
      "euroland\\banq41.avi",
      "euroland\\biblio1.avi",
      "euroland\\bibliobis.avi",
      "euroland\\conser4.avi",
      "euroland\\conser5.avi",
      "euroland\\depart.avi",
      "euroland\\femme.avi",
      "euroland\\fontaine.avi",
      "euroland\\home2.avi",
      "euroland\\maire4.avi",
      "euroland\\musee.avi",
      "euroland\\pro1a.avi",
      "euroland\\pro2.avi",
      "euroland\\prof2.avi",
      "euroland\\profbis.avi",
      "euroland\\trans.avi",
      "euroland\\vuemusee.avi",
      "eurostar2.avi",
      "faience1.avi",
      "faience99.avi",
      "fantom.avi",
      "fantom2.avi",
      "fermier1.avi",
      "fermier2.avi",
      "fermier3.avi",
      "fermier99.avi",
      "feu.avi",
      "fin2.avi",
      "finlande.avi",
      "fiole.avi",
      "fleuriste.avi",
      "forge2.avi",
      "forge99.avi",
      "france.avi",
      "fromage1.avi",
      "galerie1.avi",
      "galerie2.avi",
      "gamin.avi",
      "gamin99.avi",
      "garde1.avi",
      "gare1.avi",
      "gare2.avi",
      "gare99.avi",
      "garefr1.avi",
      "garefr99.avi",
      "garegl1.avi",
      "garegl99.avi",
      "geo1.avi",
      "geo2.avi",
      "geo3.avi",
      "geo99.avi",
      "gitane1.avi",
      "gitane99.avi",
      "gond1.avi",
      "gond2.avi",
      "gond99.avi",
      "gondol.avi",
      "grece.avi",
      "guitar1.avi",
      "guitar99.avi",
      "gym1.avi",
      "gym99.avi",
      "harony.avi",
      "harony99.avi",
      "harpe1.avi",
      "harpe2.avi",
      "harpe99.avi",
      "hasquet.avi",
      "hasquet99.avi",
      "hatta1.avi",
      "heli2.avi",
      "helico1.avi",
      "helico2.avi",
      "helico99.avi",
      "inter.avi",
      "intro12.avi",
      "invent1.avi",
      "invent2.avi",
      "invent3.avi",
      "invent4.avi",
      "invent99.avi",
      "irlande.avi",
      "italie.avi",
      "jap1.avi",
      "jap3.avi",
      "jeu.avi",
      "jeu1.avi",
      "jeu2.avi",
      "jewels03.avi",
      "jo1.avi",
      "jouet1.avi",
      "jouet3.avi",
      "journo1.avi",
      "journo99.avi",
      "jumo.avi",
      "jumo2.avi",
      "lanterne.avi",
      "legumes1.avi",
      "leonard.avi",
      "levrier1.avi",
      "librair1.avi",
      "librair99.avi",
      "lord.avi",
      "lord99.avi",
      "lut_all.avi",
      "lut_bel.avi",
      "lut_esp.avi",
      "lut_fra.avi",
      "lut_gb.avi",
      "lut_ita.avi",
      "luthier1.avi",
      "luthier99.avi",
      "mall.avi",
      "marin.avi",
      "marin2.avi",
      "marin99.avi",
      "math1.avi",
      "math2.avi",
      "math3.avi",
      "math4.avi",
      "math99.avi",
      "me_holl.avi",
      "meca2.avi",
      "meme.avi",
      "meme1.avi",
      "meme2.avi",
      "mesp.avi",
      "meteor2.avi",
      "meu1.avi",
      "meu99.avi",
      "mfra.avi",
      "mgra.avi",
      "mgre.avi",
      "miss1.avi",
      "miss99.avi",
      "mita.avi",
      "moine2.avi",
      "moine99.avi",
      "motard1.avi",
      "motard99.avi",
      "moto1.avi",
      "mouette.avi",
      "moule1.avi",
      "moule99.avi",
      "nessie1.avi",
      "nessie2.avi",
      "noir.avi",
      "noir2.avi",
      "noir99.avi",
      "nord.avi",
      "oie.avi",
      "orgue1.avi",
      "orgue99.avi",
      "p_hist1.avi",
      "p_hist2.avi",
      "p_hist3.avi",
      "p_hist4.avi",
      "pain.avi",
      "parfum1.avi",
      "parfum99.avi",
      "patron.avi",
      "paysbas.avi",
      "pepe1.avi",
      "pepe2.avi",
      "pepe99.avi",
      "perdu.avi",
      "pere1.avi",
      "pere2.avi",
      "pere99.avi",
      "pilier.avi",
      "pilier99.avi",
      "pise.avi",
      "pise4.avi",
      "pise6.avi",
      "pise7.avi",
      "pise8.avi",
      "pise9.avi",
      "pise99.avi",
      "pizz1.avi",
      "pizz99.avi",
      "planche.avi",
      "plongee.avi",
      "poisson.avi",
      "poisson99.avi",
      "police1.avi",
      "police99.avi",
      "policier1.avi",
      "policier99.avi",
      "porte.avi",
      "portugal.avi",
      "pub4.avi",
      "pub6.avi",
      "punk1.avi",
      "punk2.avi",
      "q21.avi",
      "qbig.avi",
      "qbijou.avi",
      "qbugi.avi",
      "qbus.avi",
      "qcrichet.avi",
      "qeros.avi",
      "qkm.avi",
      "qtour.avi",
      "qtrafal.avi",
      "qtrajet.avi",
      "qvoitu.avi",
      "radar.avi",
      "roux1.avi",
      "roux2.avi",
      "scot.avi",
      "scot2.avi",
      "scot3.avi",
      "serveur1.avi",
      "serveur2.avi",
      "serveur3.avi",
      "serveur4.avi",
      "serveur5.avi",
      "serveur99.avi",
      "sirene.avi",
      "sirene2.avi",
      "sirene3.avi",
      "sirene99.avi",
      "skat4.avi",
      "skate1.avi",
      "skate3.avi",
      "skate99.avi",
      "skoot.avi",
      "sopra.avi",
      "soumar1.avi",
      "soumar99.avi",
      "soumarin.avi",
      "statue1.avi",
      "statue99.avi",
      "stone2.avi",
      "suede.avi",
      "surf1.avi",
      "surf99.avi",
      "taill1.avi",
      "taill2.avi",
      "taill3.avi",
      "taill4.avi",
      "taill99.avi",
      "tgv.avi",
      "torche.avi",
      "tour2.avi",
      "tram.avi",
      "vase1.avi",
      "vase2.avi",
      "vase99.avi",
      "velo.avi",
      "velo1.avi",
      "ves.avi",
      "vespa.avi",
      "vespa1.avi",
      "vespa2.avi",
      "vespa3.avi",
      "violon1.avi",
      "violon2.avi",
      "violon3.avi",
      "violon99.avi",
      "walace.avi",
      "waterloo1.avi",
      "waterloo2.avi",
      "waterloo99.avi",
      "zo1.avi",
      "zodiac.avi",
      "zodiac99.avi"
    ],
    "projects": [
      "\\allem\\allem.vnp",
      "\\angl\\angleterre.vnp",
      "\\autr\\autr.vnp",
      "\\belge\\belge.vnp",
      "\\biblio\\biblio.vnp",
      "\\couleurs1\\couleurs1.vnp",
      "\\danem\\danem.vnp",
      "\\ecosse\\ecosse.vnp",
      "\\espa\\espa.vnp",
      "\\finlan\\finlan.vnp",
      "\\france\\france.vnp",
      "\\frontal\\start.vnp",
      "\\grece\\grece.vnp",
      "\\holl\\holl.vnp",
      "\\irland\\irland.vnp",
      "\\italie\\italie.vnp",
      "\\portu\\portu.vnp",
      "\\suede\\suede.vnp"
    ],
    "commands": [
      "Quit",
      "if affichem = 8 then scene 13i\u0000\u0000\u0000\u0002\u0000\u0000\u0000B\u0001\u0000\u0000;\u0000\u0000\u0000\u009c\u0001\u0000\u0000_\u0000\u0000\u0000\u0000\u0000\u0000\u0000\u0014\u0000\u0000\u0000\u0000\u0000\u0000\u0000",
      "if affichem = 8 then scene 13i\u0000\u0000\u0000\u0002\u0000\u0000\u0000E\u0001\u0000\u0000\u009c\u0000\u0000\u00007\u0002\u0000\u0000\u00bd\u0000\u0000\u0000\u0000\u0000\u0000\u0000\u0014\u0000\u0000\u0000\u0000\u0000\u0000\u0000",
      "if affichem = 8 then scene 13i\u0000\u0000\u0000\u0002\u0000\u0000\u0000E\u0001\u0000\u0000\u00f6\u0000\u0000\u0000\u00c5\u0001\u0000\u0000\u0012\u0001\u0000\u0000\u0000\u0000\u0000\u0000\u0014\u0000\u0000\u0000\u0000\u0000\u0000\u0000",
      "if affichem = 8 then scene 13i\u0000\u0000\u0000\u0002\u0000\u0000\u0000F\u0001\u0000\u0000\u0017\u0000\u0000\u0000\u00e0\u0001\u0000\u00003\u0000\u0000\u0000\u0000\u0000\u0000\u0000\u0015\u0000\u0000\u0000\u0000\u0000\u0000\u0000",
      "if affichem = 8 then scene 13i\u0000\u0000\u0000\u0002\u0000\u0000\u0000F\u0001\u0000\u0000Q\u0001\u0000\u0000\u00a3\u0001\u0000\u0000l\u0001\u0000\u0000\u0000\u0000\u0000\u0000\u0000\u0000\u0000\u0000\u0000\u0000\u0000\u0000\u0000\u0000\u0000\u0000\u0000\u0000\u0000\u0000\u0001\u0000\u0000\u0000\u0000\u0000\u0000\u0000\u0000\u0000\u0000\u0000\u0000\u0000\u0000\u0000\u0000\u0000\u0000\u0000\u0000\u0000\u0000\u0000\u0000\u0000\u0000",
      "if affichem = 8 then scene 13i\u0000\u0000\u0000\u0002\u0000\u0000\u0000F\u0001\u0000\u0000o\u0000\u0000\u0000\u00bf\u0001\u0000\u0000\u008b\u0000\u0000\u0000\u0000\u0000\u0000\u0000\u0014\u0000\u0000\u0000\u0000\u0000\u0000\u0000",
      "if affichem = 8 then scene 13i\u0000\u0000\u0000\u0002\u0000\u0000\u0000G\u0001\u0000\u0000\u00ca\u0000\u0000\u0000\u00cb\u0001\u0000\u0000\u00e4\u0000\u0000\u0000\u0000\u0000\u0000\u0000\u0014\u0000\u0000\u0000\u0000\u0000\u0000\u0000",
      "if affichem = 8 then scene 13i\u0000\u0000\u0000\u0002\u0000\u0000\u0000H\u0001\u0000\u0000\u001f\u0001\u0000\u0000\u00e7\u0001\u0000\u0000F\u0001\u0000\u0000\u0000\u0000\u0000\u0000\u0014\u0000\u0000\u0000\u0000\u0000\u0000\u0000",
      "if allumette = 0 then set_var allumette 1\u0001\u0000\u0000\u0000\u0015\u0000\u0000\u0000G\u0000\u0000\u0000allumette != 0 then addbmp al euroland\\rollover",
      "if annule = 0 then addbmp  lesac euroland\\rollover\\detsac.bmp 0 370 75 else addbmp sac0 euroland\\rol",
      "if bonnet = 0 then set_var bonnet 1\u0001\u0000\u0000\u0000\u0015\u0000\u0000\u0000\u001f\u0000\u0000\u0000bonnet != 0 then delbmp bonnet2\u0001\u0000\u0000\u0000\u0015\u0000\u0000\u0000\u0018\u0000\u0000\u0000laine = 2 ",
      "if chouette = 0 then set_var chouette 1\u0001\u0000\u0000\u0000\u0015\u0000\u0000\u0000\u0019\u0000\u0000\u0000piece != -1 then closewav\u0001\u0000\u0000\u0000\u0015\u0000\u0000\u00003\u0000\u0000\u0000piece != -1 ",
      "if cire != -1 then playavi bougie3.avi 1 364 43 448 124\u0000\u0000\u0000\u0000'\u0000\u0000\u0000\u001a\u0000\u0000\u000018 0 #000000 Comic sans MS\u0000\u0000\u0000\u0000&\u0000\u0000",
      "if cire = 0 then playavi bougie3.avi 1 364 43 448 124\u0001\u0000\u0000\u0000\u0015\u0000\u0000\u0000E\u0000\u0000\u0000sirop = -1 then if cire = 1 then pl",
      "if cire = 0 then set_var cire 1\u0001\u0000\u0000\u0000\u001c\u0000\u0000\u0000\u0004\u0000\u0000\u0000mield\u0000\u0000\u0000\u0007\u0000\u0000\u0000W\u0001\u0000\u0000\u008f\u0001\u0000\u0000H\u0001\u0000\u0000p\u0001\u0000\u0000K\u0001\u0000\u0000[\u0001\u0000\u0000o\u0001\u0000\u0000:\u0001\u0000\u0000\u00b1\u0001\u0000\u0000?\u0001\u0000\u0000\u00cb\u0001\u0000\u0000\u0083",
      "if clejaune = 0 then set_var clejaune 1\u0001\u0000\u0000\u0000\u0015\u0000\u0000\u0000K\u0000\u0000\u0000clejaune = 0 then addbmp clejaune euroland\\rollov",
      "if cleverte = 0 then set_var cleverte 1\u0001\u0000\u0000\u0000\u0015\u0000\u0000\u0000!\u0000\u0000\u0000cleverte = 1 then set_var boite 2\u0001\u0000\u0000\u0000\u0015\u0000\u0000\u0000<\u0000\u0000\u0000boit",
      "if fiolegrece = 0 then set_var fiolegrece 1\u0003\u0000\u0000\u0000\u0015\u0000\u0000\u00005\u0000\u0000\u0000grecreponse = 7 then if fiolegrece = 1 then p",
      "if fiolevase = 0 then set_var fiolevase 1\u0001\u0000\u0000\u0000\u0015\u0000\u0000\u0000#\u0000\u0000\u0000fiolevase = 1 then set_var masse -2\u0001\u0000\u0000\u0000\u000b\u0000\u0000\u0000\u000b\u0000\u0000\u0000",
      "if jeugagne = 0 then playavi jeu.avi 1 526 50 589 116\u0001\u0000\u0000\u0000\u0015\u0000\u0000\u00002\u0000\u0000\u0000tulipejaune != 2 then if jeugagne =",
      "if laine = 0 then addbmp laine rol\\laine.bmp 0 63 283\u0002\u0000\u0000\u0000\u0015\u0000\u0000\u0000\u001c\u0000\u0000\u0000laine != 0 then delbmp laine\u0001\u0000\u0000\u0000\u0015\u0000\u0000",
      "if orge = 0 then inc_var orge 1\u0001\u0000\u0000\u0000\u0015\u0000\u0000\u00000\u0000\u0000\u0000orge != 0 then addbmp orge rol\\orge.bmp 0 93 201\u0001\u0000\u0000\u0000\u0015\u0000\u0000\u0000A",
      "if papiercado = 0 then set_var papiercado 1\u0001\u0000\u0000\u0000\u0015\u0000\u0000\u00008\u0000\u0000\u0000chewing = -1 then addbmp cadeau rol\\cadeau.bm",
      "if ponpon = 0 then set_var ponpon 1\u0001\u0000\u0000\u0000\u0015\u0000\u0000\u00001\u0000\u0000\u0000ponpon = 1 then addbmp ponpon ponpon2.bmp 0 814 0\u0001\u0000\u0000\u0000",
      "if question = 3 then playavi pise4.avi 1 79 54 128 129\u0001\u0000\u0000\u0000\u0015\u0000\u0000\u0000J\u0000\u0000\u0000reponse = 3 then dec_var score 0 e",
      "if sirop = 0 then set_var sirop 1\u0001\u0000\u0000\u0000\u0015\u0000\u0000\u00008\u0000\u0000\u0000sirop != 0 then addbmp sirop rollover\\sirop2.bmp 0 464 ",
      "if skate = 0 then set_var skate 1\u0001\u0000\u0000\u0000\u0015\u0000\u0000\u00002\u0000\u0000\u0000bus = -1 then addbmp skat rol\\sskate.bmp 0 446 197\u0001\u0000\u0000\u0000\u0015",
      "if vf = 1 then runprj ..\\france\\france.vnp 18\u0003\u0000\u0000\u0000\u0015\u0000\u0000\u00009\u0000\u0000\u0000score >= 0 then if va = 1 then runprj ..\\au",
      "playavi abeille1",
      "playavi abeille2",
      "playavi adam",
      "playavi adam99",
      "playavi apicu1",
      "playavi apicu2",
      "playavi apicu3",
      "playavi apicu99",
      "playavi aviateur1",
      "playavi aviateur99",
      "playavi bazar1",
      "playavi bazar2",
      "playavi bazar3",
      "playavi bazar99",
      "playavi blond",
      "playavi blond2",
      "playavi bonus1",
      "playavi bonus2",
      "playavi book99",
      "playavi bougie1",
      "playavi bougie3"
    ]
  }
}