{
  "files": {
    "allem.vnd": {
      "images": 72,
      "sounds": 14,
      "videos": 21,
      "projects": 5,
      "commands": 50
    },
    "angleterre.vnd": {
      "images": 134,
      "sounds": 38,
      "videos": 42,
      "projects": 3,
      "commands": 50
    },
    "autr.vnd": {
      "images": 92,
      "sounds": 21,
      "videos": 33,
      "projects": 8,
      "commands": 50
    },
    "barre.vnd": {
      "images": 49,
      "sounds": 0,
      "videos": 2,
      "projects": 1,
      "commands": 22
    },
    "belge.vnd": {
      "images": 125,
      "sounds": 6,
      "videos": 25,
      "projects": 6,
      "commands": 50
    },
    "biblio.vnd": {
      "images": 363,
      "sounds": 46,
      "videos": 0,
      "projects": 14,
      "commands": 50
    },
    "couleurs1.vnd": {
      "images": 131,
      "sounds": 11,
      "videos": 28,
      "projects": 18,
      "commands": 50
    },
    "danem.vnd": {
      "images": 83,
      "sounds": 6,
      "videos": 14,
      "projects": 5,
      "commands": 50
    },
    "ecosse.vnd": {
      "images": 111,
      "sounds": 19,
      "videos": 22,
      "projects": 4,
      "commands": 50
    },
    "espa.vnd": {
      "images": 86,
      "sounds": 13,
      "videos": 30,
      "projects": 5,
      "commands": 50
    },
    "finlan.vnd": {
      "images": 73,
      "sounds": 9,
      "videos": 20,
      "projects": 5,
      "commands": 50
    },
    "france.vnd": {
      "images": 89,
      "sounds": 15,
      "videos": 46,
      "projects": 10,
      "commands": 50
    },
    "grece.vnd": {
      "images": 94,
      "sounds": 7,
      "videos": 18,
      "projects": 3,
      "commands": 50
    },
    "holl.vnd": {
      "images": 95,
      "sounds": 16,
      "videos": 17,
      "projects": 4,
      "commands": 50
    },
    "irland.vnd": {
      "images": 95,
      "sounds": 8,
      "videos": 29,
      "projects": 6,
      "commands": 50
    },
    "italie.vnd": {
      "images": 112,
      "sounds": 11,
      "videos": 29,
      "projects": 5,
      "commands": 50
    },
    "portu.vnd": {
      "images": 84,
      "sounds": 11,
      "videos": 27,
      "projects": 5,
      "commands": 50
    },
    "start.vnd": {
      "images": 6,
      "sounds": 5,
      "videos": 4,
      "projects": 1,
      "commands": 0
    },
    "suede.vnd": {
      "images": 67,
      "sounds": 6,
      "videos": 20,
      "projects": 7,
      "commands": 50
    }
  },
  "unique_totals": {
    "images": 1178,
    "sounds": 189,
    "videos": 381,
    "projects": 18,
    "commands": 654
  },
  "sample_images": [
    "Italie.bmp",
    "\\allem\\img24\\berlin.bmp",
    "\\angl\\img24\\mer.bmp",
    "\\angl\\img24\\oeillet.bmp",
    "\\angl\\img24\\oeillet2.bmp",
    "\\barre\\images\\barre.bmp",
    "\\barre\\images\\barrenoir.bmp",
    "\\barre\\images\\calc1.bmp",
    "\\barre\\images\\calc2.bmp",
    "\\barre\\images\\cochon.bmp",
    "\\barre\\images\\f1.bmp",
    "\\barre\\images\\f10.bmp",
    "\\barre\\images\\f11.bmp",
    "\\barre\\images\\f12.bmp",
    "\\barre\\images\\f2.bmp",
    "\\barre\\images\\f3.bmp",
    "\\barre\\images\\f4.bmp",
    "\\barre\\images\\f5.bmp",
    "\\barre\\images\\f6.bmp",
    "\\barre\\images\\f7.bmp",
    "\\barre\\images\\f8.bmp",
    "\\barre\\images\\f9.bmp",
    "\\barre\\images\\fleche.bmp",
    "\\barre\\images\\fleche2.bmp",
    "\\barre\\images\\ordi.bmp",
    "\\barre\\images\\p_all.bmp",
    "\\barre\\images\\p_angl.bmp",
    "\\barre\\images\\p_autriche.bmp",
    "\\barre\\images\\p_belgique.bmp",
    "\\barre\\images\\p_danemark.bmp"
  ],
  "sample_sounds": [
    "Allemagne.wav",
    "Angleterre.wav",
    "Autriche.wav",
    "Avion.wav",
    "Belgique.wav",
    "Cochon.wav",
    "Danemark.wav",
    "Espagne.wav",
    "Finlande.wav",
    "France.wav",
    "Grece.wav",
    "Helico.wav",
    "Irlande.wav",
    "Italie.wav",
    "Musicf.wav",
    "Orgue.wav",
    "Scooter.wav",
    "Suede.wav",
    "Voiture.wav",
    "\\allem\\digit\\a_all.wav",
    "\\angl\\digit\\a_ang.wav",
    "\\autr\\digit\\a_aut.wav",
    "\\autr\\digit\\foret2.wav",
    "\\belge\\digit\\a_beg.wav",
    "\\belge\\digit\\cartoon.wav",
    "\\biblio\\digit\\Angleterre.wav",
    "\\biblio\\digit\\Belgique.wav",
    "\\biblio\\digit\\France.wav",
    "\\biblio\\digit\\Italie.wav",
    "\\biblio\\digit\\allemagne.wav"
  ],
  "sample_commands": [
    "addbmp  fontaine.bmp 0 0 0\u0001\u0000\u0000\u0000\u0015\u0000\u0000\u0000&\u0000\u0000\u0000bout_eau = 1 then set_var bouteille -1i\u0000\u0000\u0000\u000e\u0000\u0000\u0000\u00fd\u0000\u0000\u0000\u00aa\u0000\u0000\u0000\u00fd\u0000\u0000\u0000\u0006\u0001\u0000\u0000\u0018\u0001\u0000\u0000\u000b\u0001\u0000\u0000\u0013\u0001\u0000\u0000-\u0001\u0000\u0000",
    "addbmp  if annule = 0 then act euroland\\rollover\\active.bmp 0 220 280\u0003\u0000\u0000\u0000\u0010\u0000\u0000\u0000\u0003\u0000\u0000\u0000500\u0003\u0000\u0000\u0000\u0015\u0000\u0000\u0000U\u0000\u0000\u0000active < 4 the",
    "addbmp  tennis rol\\raquette.bmp 0 494 220\u0001\u0000\u0000\u0000\u0015\u0000\u0000\u0000$\u0000\u0000\u0000raquette = 0 then set_var raquette 1\u0001\u0000\u0000\u0000\u0015\u0000\u0000\u0000<\u0000\u0000\u0000raquette != 0",
    "addbmp  tennis rol\\raquette.bmp 0 494 220d\u0000\u0000\u0000\t\u0000\u0000\u0000\u00ff\u0001\u0000\u0000d\u0001\u0000\u0000\u000b\u0002\u0000\u0000:\u0001\u0000\u00005\u0002\u0000\u0000(\u0001\u0000\u0000m\u0002\u0000\u0000\u00e3\u0000\u0000\u0000y\u0002\u0000\u0000\u00e8\u0000\u0000\u0000I\u0002\u0000\u00000\u0001\u0000\u0000F\u0002\u0000\u0000[\u0001\u0000\u00002\u0002\u0000\u0000z\u0001\u0000\u0000\u000b",
    "addbmp a1 drapo\\3daut.bmp 0 40 400\u0002\u0000\u0000\u0000\u0015\u0000\u0000\u00002\u0000\u0000\u0000cpays = 4 then addbmp a1 drapo\\3dbelg.bmp 0 40 400\u0002\u0000\u0000\u0000\u0015\u0000\u0000\u00001\u0000\u0000\u0000c",
    "addbmp a1 drapo\\3desp.bmp 0 40 400\u0002\u0000\u0000\u0000\u0015\u0000\u0000\u00001\u0000\u0000\u0000cpays = 8 then addbmp a1 drapo\\3dfin.bmp 0 40 400\u0002\u0000\u0000\u0000\u0015\u0000\u0000\u00001\u0000\u0000\u0000cp",
    "addbmp active  ..\\..\\barre\\images\\trans.bmp 6 200 408\u0002\u0000\u0000\u0000)\u0000\u0000\u0000\u001e\u0000\u0000\u0000toto 6 65 410 160 470 0 \"1000\"d\u0000\u0000\u0000\u0002\u0000\u0000\u0000!\u0002\u0000\u0000\u009a\u0001\u0000\u0000b\u0002",
    "addbmp al euroland\\rollover\\allumette2.bmp 0 360 36\u0002\u0000\u0000\u0000\u0015\u0000\u0000\u0000D\u0000\u0000\u0000sacados  != 0 then addbmp lesac euroland\\rollo",
    "addbmp apicul2.bmp 0 0 0\u0001\u0000\u0000\u0000\u0015\u0000\u0000\u00002\u0000\u0000\u0000api = -1 then playavi abeille1.avi 1 186 2 640 400\u0001\u0000\u0000\u0000\u0015\u0000\u0000\u00000\u0000\u0000\u0000api = -1 then ad",
    "addbmp beet infobeet.bmp 0 798 70l\u0000\u0000\u0000\u0002\u0000\u0000\u0000\u0083\u0004\u0000\u0000P\u0000\u0000\u0000\u00f5\u0004\u0000\u0000\u0002\u0001\u0000\u0000\u0000\u0000\u0000\u0000\u0001\u0000\u0000\u0000\u0001\u0000\u0000\u0000\u0015\u0000\u0000\u0000\u0015\u0000\u0000\u0000punk = 1 then scene 5d\u0000\u0000\u0000\u0002\u0000\u0000\u0000.\u0003\u0000\u0000\u0017",
    "addbmp boitesans rolima\\rolboi2.bmp 0 500 214\u0000\u0000\u0000\u0000\u0015\u0000\u0000\u0000<\u0000\u0000\u0000boite = 2 then addbmp boitesans rolima\\rolboi2.bmp 0 500 21",
    "addbmp boitesans rolima\\rolboi2.bmp 0 500 214\u0001\u0000\u0000\u0000\u0015\u0000\u0000\u0000<\u0000\u0000\u0000boite = 2 then addbmp boitesans rolima\\rolboi2.bmp 0 500 21",
    "addbmp bonbon rol\\bonbon.bmp 0 173 0\u0001\u0000\u0000\u0000\u0015\u0000\u0000\u0000 \u0000\u0000\u0000chewing = 0 then dec_var score 7\u0001\u0000\u0000\u0000\u0015\u0000\u0000\u0000\"\u0000\u0000\u0000chewing = 0 then set_",
    "addbmp bonnet rol\\bonnet.bmp 0 103 55\u0001\u0000\u0000\u0000\u0015\u0000\u0000\u0000$\u0000\u0000\u0000bonnet = 2 then defcursor fleche.cur\u0001\u0000\u0000\u0000\u0015\u0000\u0000\u00004\u0000\u0000\u0000bonnet = 2 then ",
    "addbmp bonnet rol\\bonnet.bmp 0 103 55\u0002\u0000\u0000\u0000\u0015\u0000\u0000\u00006\u0000\u0000\u0000sabot1 = -1 then addbmp pdroit rol\\pdroit.bmp 0 40 347\u0002\u0000\u0000\u0000\u0015\u0000\u0000\u00009\u0000",
    "addbmp bonnet2 rol\\bonnet2.bmp 0 409 224\u0001\u0000\u0000\u0000$\u0000\u0000\u0000\u0000\u0000\u0000\u0000\u0001\u0000\u0000\u0000\u0016\u0000\u0000\u0000\u0005\u0000\u0000\u0000non 0\u0001\u0000\u0000\u0000\u0015\u0000\u0000\u0000\u001f\u0000\u0000\u0000clerouge = 2 then inc_var non 1\u0001\u0000",
    "addbmp bou roll\\bou.bmp 0 204 244\u0001\u0000\u0000\u0000\u0015\u0000\u0000\u00001\u0000\u0000\u0000levure = -1 then addbmp lev roll\\lev.bmp 0 68 249\u0001\u0000\u0000\u0000\u0015\u0000\u0000\u0000\u001c\u0000\u0000\u0000pate",
    "addbmp boul boulan3.bmp 0 0 0\u0001\u0000\u0000\u0000\u0015\u0000\u0000\u0000\u001f\u0000\u0000\u0000pain = 1 then inc_var score 100\u0001\u0000\u0000\u0000\u0015\u0000\u0000\u0000-\u0000\u0000\u0000pain = 1 then font 18 0 #ff",
    "addbmp bout roll\\bouteille.bmp 0 233 167\u0001\u0000\u0000\u0000\u000b\u0000\u0000\u0000\n\u0000\u0000\u0000cafe.wav 2l\u0000\u0000\u0000\u000e\u0000\u0000\u0000\u0099\u0000\u0000\u0000R\u0001\u0000\u0000\u00a4\u0000\u0000\u0000D\u0001\u0000\u0000\u009b\u0000\u0000\u0000\u00fe\u0000\u0000\u0000\u0085\u0000\u0000\u0000\u00e2\u0000\u0000\u0000\u0089\u0000\u0000\u0000\u00cb\u0000\u0000\u0000\u00a4",
    "addbmp bout roll\\bouteille.bmp 0 233 167\u0003\u0000\u0000\u0000\u0015\u0000\u0000\u00003\u0000\u0000\u0000score < 0 then runprj ..\\couleurs1\\couleurs1.vnp 54h\u0000\u0000\u0000\u0002\u0000\u0000\u0000",
    "addbmp bout roll\\bouteille.bmp 0 233 167\u0003\u0000\u0000\u0000\u0016\u0000\u0000\u0000\u0007\u0000\u0000\u0000casta 1\u0003\u0000\u0000\u0000\u0015\u0000\u0000\u00005\u0000\u0000\u0000helice = 1 then addbmp helice roll\\helic",
    "addbmp bravo rol\\fin1.bmp 0 0 0h\u0000\u0000\u0000\u0004\u0000\u0000\u0000y\u0000\u0000\u0000P\u0001\u0000\u0000\u0003\u0002\u0000\u0000P\u0001\u0000\u0000\u00ed\u0001\u0000\u0000\u008c\u0001\u0000\u0000\u008d\u0000\u0000\u0000\u008c\u0001\u0000\u0000\u0000\u0000\u0000\u0000\u0003\u0000\u0000\u0000\u0001\u0000\u0000\u0000\u0006\u0000\u0000\u0000\u0001\u0000\u0000\u00009\u0000\u0000\u0000\u0000'\u0000\u0000\u0000\u001a\u0000\u0000\u000018 1 #00",
    "addbmp bravo rol\\fin2.bmp 0 0 0\u0002\u0000\u0000\u0000\u0015\u0000\u0000\u00004\u0000\u0000\u0000grecreponse = 5 then addbmp bravo rol\\fin2.bmp 0 0 0\u0002\u0000\u0000\u0000\u0015\u0000\u0000\u00004\u0000\u0000\u0000grecr",
    "addbmp bravo rol\\fin3.bmp 0 0 0\u0002\u0000\u0000\u0000\u0015\u0000\u0000\u00004\u0000\u0000\u0000grecreponse = 4 then addbmp bravo rol\\fin3.bmp 0 0 0\u0002\u0000\u0000\u0000\u0015\u0000\u0000\u0000L\u0000\u0000\u0000grecr",
    "addbmp c cartes\\c10.bmp  0 5 5\u0002\u0000\u0000\u0000\u0015\u0000\u0000\u00003\u0000\u0000\u0000cpays = 10 then addbmp d drapeaux\\d10.bmp  0 555 10\u0002\u0000\u0000\u0000\u0015\u0000\u0000\u00006\u0000\u0000\u0000cpa",
    "addbmp c cartes\\c11.bmp  0 5 5\u0002\u0000\u0000\u0000\u0015\u0000\u0000\u00003\u0000\u0000\u0000cpays = 11 then addbmp d drapeaux\\d11.bmp  0 555 10\u0002\u0000\u0000\u0000\u0015\u0000\u0000\u00006\u0000\u0000\u0000cpa",
    "addbmp c cartes\\c12.bmp  0 5 5\u0002\u0000\u0000\u0000\u0015\u0000\u0000\u00003\u0000\u0000\u0000cpays = 12 then addbmp d drapeaux\\d12.bmp  0 555 10\u0002\u0000\u0000\u0000\u0015\u0000\u0000\u00006\u0000\u0000\u0000cpa",
    "addbmp c cartes\\c16.bmp  0 5 5\u0002\u0000\u0000\u0000\u0015\u0000\u0000\u00003\u0000\u0000\u0000cpays = 16 then addbmp d drapeaux\\d18.bmp  0 555 10\u0002\u0000\u0000\u0000\u0015\u0000\u0000\u00006\u0000\u0000\u0000cpa",
    "addbmp c cartes\\c2.bmp  0 50 5\u0002\u0000\u0000\u0000\u0015\u0000\u0000\u00001\u0000\u0000\u0000cpays = 2 then addbmp d drapeaux\\d2.bmp  0 555 10\u0002\u0000\u0000\u0000\u0015\u0000\u0000\u00004\u0000\u0000\u0000cpays",
    "addbmp c cartes\\c6.bmp  0 5 5\u0002\u0000\u0000\u0000\u0015\u0000\u0000\u00001\u0000\u0000\u0000cpays = 6 then addbmp d drapeaux\\d6.bmp  0 555 10\u0002\u0000\u0000\u0000\u0015\u0000\u0000\u00004\u0000\u0000\u0000cpays "
  ]
}