{
  "analysis_date": "2026-01-30",
  "summary": {
    "total_binary_classes": 78,
    "implemented_classes": 78,
    "missing_classes": 0,
    "total_binary_commands": 47,
    "commands_in_js": 49,
    "coverage_percent": 100,
    "total_js_files": 61,
    "total_code_size_kb": 1070,
    "status": "COMPLETE"
  },
  "class_mapping": {
    "core_classes": {
      "TVNApplication": "VNApplication.js",
      "TVNApplicationInfo": "VNApplication.js",
      "TVNObject": "VNObject.js",
      "TVNStreamable": "VNStream.js",
      "TVNScene": "VNScene.js",
      "TVNSceneArray": "VNSceneManager.js",
      "TVNSceneProperties": "VNScene.js",
      "TVNCommand": "VNCommand.js",
      "TVNCommandArray": "VNCommand.js",
      "TVNEventCommand": "VNCommand.js",
      "TVNEventCommandArray": "VNCommand.js",
      "TVNVariable": "VNVariable.js",
      "TVNVariableArray": "VNVariableSystem.js",
      "TVNTimer": "VNTimer.js",
      "TVNTimerBasedFx": "VNEffects.js",
      "TVNTimerProperties": "VNTimer.js",
      "TVNTimerRes": "VNTimer.js",
      "TVNVersion": "VNSysInfo.js",
      "TVNIndexDependant": "VNObject.js",
      "TVNHistData": "VNHistory.js",
      "TVNProtectData": "VNProtect.js",
      "TVNProjectInfo": "VNFileFormat.js",
      "TVNPluginData": "VNPlugin.js"
    },
    "parms_classes": {
      "TVNCDAParms": "VNParms.js",
      "TVNCommandParms": "VNParms.js",
      "TVNConditionParms": "VNParms.js",
      "TVNDecVarParms": "VNParms.js",
      "TVNDigitParms": "VNParms.js",
      "TVNExecParms": "VNParms.js",
      "TVNFileNameParms": "VNParms.js",
      "TVNFontParms": "VNParms.js",
      "TVNHotspotParms": "VNParms.js",
      "TVNHtmlParms": "VNParms.js",
      "TVNIfParms": "VNParms.js",
      "TVNImageParms": "VNParms.js",
      "TVNImgObjParms": "VNParms.js",
      "TVNImgSeqParms": "VNParms.js",
      "TVNIncVarParms": "VNParms.js",
      "TVNMidiParms": "VNParms.js",
      "TVNProjectParms": "VNParms.js",
      "TVNRectParms": "VNParms.js",
      "TVNSceneParms": "VNParms.js",
      "TVNSetVarParms": "VNParms.js",
      "TVNStringParms": "VNParms.js",
      "TVNTextObjParms": "VNParms.js",
      "TVNTextParms": "VNParms.js",
      "TVNTimeParms": "VNParms.js"
    },
    "graphics_classes": {
      "TVNBitmap": "VNBitmap.js",
      "TVNBmpImg": "VNBitmap.js",
      "TVNTransparentBmp": "VNBitmap.js",
      "TVNBkTexture": "VNRender.js",
      "TVNDisplayMode": "VNDirectDraw.js",
      "TVNGdiObject": "VNGdiObjects.js",
      "TVNGdiObjectArray": "VNGdiObjects.js",
      "TVNPaletteEntries": "VNPalette.js",
      "TVNFrame": "VNWindow.js"
    },
    "ui_classes": {
      "TVNWindow": "VNWindow.js",
      "TVNHotspot": "VNHotspot.js",
      "TVNHotspotArray": "VNHotspotSystem.js",
      "TVNImageObject": "VNImageObject.js",
      "TVNTextObject": "VNTextObject.js",
      "TVNHtmlText": "VNHtml.js",
      "TVNAnchLink": "VNHtml.js",
      "TVNToolBar": "VNToolbar.js",
      "TVNToolBarProperties": "VNToolbar.js",
      "TVNAboutDlg": "VNDialogs.js",
      "TVNLoadingDlg": "VNDialogs.js",
      "TVNUserPrefsDlg": "VNDialogs.js",
      "TVNPrjCapsDlg": "VNDialogs.js"
    },
    "media_classes": {
      "TVNMciBase": "VNMciMedia.js",
      "TVNAviMedia": "VNVideo.js",
      "TVNVideoBaseMedia": "VNVideo.js",
      "TVNWaveMedia": "VNAudio.js",
      "TVNMidiMedia": "VNAudio.js",
      "TVNCDAMedia": "VNAudio.js",
      "TVNHiddenMedia": "VNHiddenMedia.js"
    },
    "effects_classes": {
      "TVNScrollFx": "VNScrollFx.js",
      "TVNZoomFx": "VNZoomFx.js"
    }
  },
  "commands": {
    "implemented": [
      {"id": 0, "name": "quit", "parms": "none"},
      {"id": 1, "name": "about", "parms": "none"},
      {"id": 2, "name": "prefs", "parms": "none"},
      {"id": 3, "name": "prev", "parms": "none"},
      {"id": 4, "name": "next", "parms": "none"},
      {"id": 5, "name": "zoom", "parms": "none"},
      {"id": 6, "name": "scene", "parms": "VNSceneParms"},
      {"id": 7, "name": "hotspot", "parms": "VNHotspotParms"},
      {"id": 8, "name": "tiptext", "parms": "VNStringParms"},
      {"id": 9, "name": "playavi", "parms": "VNFileNameParms"},
      {"id": 10, "name": "playbmp", "parms": "VNImageParms"},
      {"id": 11, "name": "playwav", "parms": "VNFileNameParms"},
      {"id": 12, "name": "playmid", "parms": "VNMidiParms"},
      {"id": 13, "name": "playhtml", "parms": "VNHtmlParms"},
      {"id": 14, "name": "zoomin", "parms": "none"},
      {"id": 15, "name": "zoomout", "parms": "none"},
      {"id": 16, "name": "pause", "parms": "VNTimeParms"},
      {"id": 17, "name": "exec", "parms": "VNExecParms"},
      {"id": 18, "name": "explore", "parms": "VNStringParms"},
      {"id": 19, "name": "playcda", "parms": "VNCDAParms"},
      {"id": 20, "name": "playseq", "parms": "VNImgSeqParms"},
      {"id": 21, "name": "if", "parms": "VNIfParms"},
      {"id": 22, "name": "set_var", "parms": "VNSetVarParms"},
      {"id": 23, "name": "inc_var", "parms": "VNIncVarParms"},
      {"id": 24, "name": "dec_var", "parms": "VNDecVarParms"},
      {"id": 25, "name": "invalidate", "parms": "VNRectParms"},
      {"id": 26, "name": "defcursor", "parms": "VNFileNameParms"},
      {"id": 27, "name": "addbmp", "parms": "VNImgObjParms"},
      {"id": 28, "name": "delbmp", "parms": "VNStringParms"},
      {"id": 29, "name": "showbmp", "parms": "VNStringParms"},
      {"id": 30, "name": "hidebmp", "parms": "VNStringParms"},
      {"id": 31, "name": "runprj", "parms": "VNProjectParms"},
      {"id": 32, "name": "update", "parms": "none"},
      {"id": 33, "name": "rundll", "parms": "VNExecParms"},
      {"id": 34, "name": "msgbox", "parms": "VNStringParms"},
      {"id": 35, "name": "playcmd", "parms": "VNCommandParms"},
      {"id": 36, "name": "closewav", "parms": "none"},
      {"id": 37, "name": "closedll", "parms": "VNStringParms"},
      {"id": 38, "name": "playtext", "parms": "VNTextParms"},
      {"id": 39, "name": "font", "parms": "VNFontParms"},
      {"id": 40, "name": "rem", "parms": "VNStringParms"},
      {"id": 41, "name": "addtext", "parms": "VNTextObjParms"},
      {"id": 42, "name": "delobj", "parms": "VNStringParms"},
      {"id": 43, "name": "showobj", "parms": "VNStringParms"},
      {"id": 44, "name": "hideobj", "parms": "VNStringParms"},
      {"id": 45, "name": "load", "parms": "VNFileNameParms"},
      {"id": 46, "name": "save", "parms": "VNFileNameParms"},
      {"id": 47, "name": "closeavi", "parms": "none"},
      {"id": 48, "name": "closemid", "parms": "none"}
    ],
    "extra_js_commands": ["if (id 21)", "rem (id 40)"],
    "note": "if and rem are standard scripting commands correctly added in JS"
  },
  "files": {
    "core": {
      "folder": "src/core/",
      "count": 37,
      "files": [
        "VNApplication.js", "VNBitmap.js", "VNClipboard.js", "VNCollections.js",
        "VNCommand.js", "VNCommandParser.js", "VNEffects.js", "VNEngine.js",
        "VNEventSystem.js", "VNException.js", "VNFileFormat.js", "VNGeometry.js",
        "VNHistory.js", "VNHotspotSystem.js", "VNHtml.js", "VNObject.js",
        "VNPalette.js", "VNParms.js", "VNPlugin.js", "VNPrinting.js",
        "VNProfile.js", "VNProtect.js", "VNRegistry.js", "VNRender.js",
        "VNResource.js", "VNSaveLoad.js", "VNScene.js", "VNSceneManager.js",
        "VNStream.js", "VNStringArray.js", "VNSysInfo.js", "VNTextSystem.js",
        "VNThread.js", "VNTimer.js", "VNVariable.js", "VNVariableSystem.js",
        "VNWindow.js"
      ]
    },
    "graphics": {
      "folder": "src/graphics/",
      "count": 6,
      "files": [
        "VNAnimation.js", "VNDeviceContext.js", "VNDib.js", "VNDirectDraw.js",
        "VNGdi.js", "VNGdiObjects.js"
      ]
    },
    "ui": {
      "folder": "src/ui/",
      "count": 9,
      "files": [
        "VNControls.js", "VNDialog.js", "VNDialogs.js", "VNHotspot.js",
        "VNImageObject.js", "VNMenu.js", "VNSpecialDialogs.js", "VNTextObject.js",
        "VNToolbar.js"
      ]
    },
    "media": {
      "folder": "src/media/",
      "count": 6,
      "files": [
        "VNAudio.js", "VNHiddenMedia.js", "VNMciMedia.js", "VNMedia.js",
        "VNVideo.js", "VNVideoSystem.js"
      ]
    },
    "effects": {
      "folder": "src/effects/",
      "count": 2,
      "files": ["VNScrollFx.js", "VNZoomFx.js"]
    },
    "api": {
      "folder": "src/api/",
      "count": 1,
      "files": ["VNDllApi.js"]
    }
  },
  "issues_found": [],
  "quality_recommendations": [
    {
      "priority": "medium",
      "area": "VNParms.js",
      "recommendation": "Verify that all 24 Parms classes have complete property sets matching binary"
    },
    {
      "priority": "medium",
      "area": "VNCommand.js",
      "recommendation": "Verify command dispatch addresses match function implementations"
    },
    {
      "priority": "low",
      "area": "Documentation",
      "recommendation": "Add JSDoc comments with binary addresses for traceability"
    }
  ],
  "remaining_work": [
    "Integration testing with actual .vnp project files",
    "Browser compatibility testing",
    "Performance optimization for large scenes",
    "Add unit tests for all command handlers"
  ]
}
